,class,x1,x2,y1,y2,mid_value_x,mid_value_y
0,0,62,225,140,416,143.5,278.0

0,0,264,498,107,616,381.0,361.5

0,0,316,494,102,566,405.0,334.0

0,0,95,277,162,574,186.0,368.0

0,0,92,277,144,562,184.5,353.0

0,0,325,501,88,547,413.0,317.5

0,0,92,274,143,561,183.0,352.0

0,0,327,501,87,545,414.0,316.0

0,0,92,274,142,525,183.0,333.5

0,0,320,497,91,559,408.5,325.0

0,0,89,269,141,536,179.0,338.5

0,0,323,501,88,569,412.0,328.5

0,0,372,535,62,405,453.5,233.5

0,0,187,353,77,382,270.0,229.5

0,0,381,550,50,376,465.5,213.0

0,0,174,360,21,293,267.0,157.0

0,0,137,303,168,496,220.0,332.0

0,0,326,528,192,499,427.0,345.5

0,0,131,279,241,513,205.0,377.0

0,0,303,591,64,488,447.0,276.0

0,0,82,323,57,440,202.5,248.5

0,0,385,539,216,469,462.0,342.5

0,0,211,383,191,456,297.0,323.5

0,0,397,553,134,410,475.0,272.0

0,0,201,344,142,434,272.5,288.0

0,0,368,533,150,416,450.5,283.0

0,0,223,380,187,438,301.5,312.5

0,0,405,545,119,407,475.0,263.0

0,0,319,594,151,357,456.5,254.0

0,0,11,321,127,319,166.0,223.0

0,0,326,606,136,306,466.0,221.0

0,0,3,312,139,365,157.5,252.0

0,0,216,548,61,249,382.0,155.0

0,0,131,527,342,565,329.0,453.5

0,0,238,553,72,270,395.5,171.0

0,0,158,535,363,569,346.5,466.0

0,0,154,530,350,639,342.0,494.5

0,0,184,541,69,280,362.5,174.5

0,0,157,534,68,294,345.5,181.0

0,0,125,524,346,636,324.5,491.0

0,0,376,567,134,550,471.5,342.0

0,0,83,298,182,636,190.5,409.0

0,0,367,554,125,554,460.5,339.5

0,0,88,295,183,636,191.5,409.5

0,0,88,296,164,627,192.0,395.5

0,0,381,567,133,618,474.0,375.5

0,0,182,520,49,283,351.0,166.0

0,0,95,478,335,589,286.5,462.0

0,0,324,477,130,496,400.5,313.0

0,0,145,309,23,465,227.0,244.0

0,0,327,486,93,490,406.5,291.5

0,0,142,300,46,470,221.0,258.0

0,0,123,283,129,495,203.0,312.0

0,0,334,495,98,523,414.5,310.5

0,0,319,514,96,514,416.5,305.0

0,0,125,283,130,494,204.0,312.0

0,0,359,505,90,514,432.0,302.0

0,0,134,295,50,478,214.5,264.0

0,0,73,465,0,207,269.0,103.5

0,0,165,549,246,527,357.0,386.5

0,0,170,530,287,548,350.0,417.5

0,0,101,456,4,222,278.5,113.0

0,0,308,432,74,402,370.0,238.0

0,0,152,268,92,438,210.0,265.0

0,0,326,440,104,394,383.0,249.0

0,0,158,283,71,436,220.5,253.5

0,0,346,458,145,380,402.0,262.5

0,0,161,318,75,429,239.5,252.0

0,0,352,459,91,397,405.5,244.0

0,0,175,306,83,444,240.5,263.5

0,0,169,290,166,459,229.5,312.5

0,0,340,464,105,419,402.0,262.0

0,0,81,260,163,559,170.5,361.0

0,0,312,516,103,599,414.0,351.0

0,0,103,271,147,539,187.0,343.0

0,0,302,471,85,546,386.5,315.5

0,0,101,267,119,453,184.0,286.0

0,0,297,524,91,566,410.5,328.5

0,0,106,419,5,211,262.5,108.0

0,0,158,541,293,558,349.5,425.5

0,0,108,437,4,213,272.5,108.5

0,0,168,547,292,562,357.5,427.0

0,0,179,544,258,536,361.5,397.0

0,0,100,471,0,213,285.5,106.5

0,0,322,477,213,488,399.5,350.5

0,0,124,267,145,484,195.5,314.5

0,0,134,272,244,523,203.0,383.5

0,0,339,475,164,535,407.0,349.5

0,0,364,601,89,509,482.5,299.0

0,0,36,312,111,562,174.0,336.5

0,0,369,634,182,556,501.5,369.0

0,0,78,361,145,564,219.5,354.5

0,0,371,631,197,567,501.0,382.0

0,0,74,358,142,560,216.0,351.0

0,0,131,274,101,506,202.5,303.5

0,0,343,501,175,509,422.0,342.0

0,0,130,275,102,505,202.5,303.5

0,0,347,503,178,515,425.0,346.5

0,0,146,275,124,502,210.5,313.0

0,0,316,487,107,516,401.5,311.5

0,0,135,271,222,503,203.0,362.5

0,0,288,535,66,525,411.5,295.5

0,0,342,491,150,505,416.5,327.5

0,0,126,277,40,491,201.5,265.5

0,0,361,495,190,501,428.0,345.5

0,0,64,307,41,507,185.5,274.0

0,0,325,529,157,533,427.0,345.0

0,0,52,254,189,533,153.0,361.0

0,0,329,551,158,527,440.0,342.5

0,0,64,269,106,545,166.5,325.5

0,0,319,529,169,537,424.0,353.0

0,0,63,263,187,542,163.0,364.5

0,0,333,554,170,552,443.5,361.0

0,0,67,282,142,577,174.5,359.5

0,0,333,505,172,532,419.0,352.0

0,0,55,270,34,557,162.5,295.5

0,0,319,482,96,546,400.5,321.0

0,0,68,268,33,576,168.0,304.5

0,0,65,225,112,575,145.0,343.5

0,0,327,501,30,559,414.0,294.5

0,0,359,502,212,496,430.5,354.0

0,0,124,344,245,530,234.0,387.5

0,0,366,498,213,485,432.0,349.0

0,0,185,340,257,538,262.5,397.5

0,0,368,504,205,488,436.0,346.5

0,0,184,345,251,546,264.5,398.5

0,0,378,518,178,460,448.0,319.0

0,0,192,350,244,534,271.0,389.0

0,0,374,507,181,460,440.5,320.5

0,0,185,345,238,520,265.0,379.0

0,0,38,633,35,252,335.5,143.5

0,0,9,634,279,513,321.5,396.0

0,0,80,640,295,507,360.0,401.0

0,0,25,632,39,280,328.5,159.5

0,0,137,640,319,508,388.5,413.5

0,0,27,632,5,298,329.5,151.5

0,0,128,640,317,514,384.0,415.5

0,0,20,632,4,295,326.0,149.5

0,0,20,632,38,256,326.0,147.0

0,0,16,634,278,512,325.0,395.0

0,0,283,486,43,467,384.5,255.0

0,0,95,274,67,469,184.5,268.0

0,0,101,291,317,584,196.0,450.5

0,0,400,552,333,588,476.0,460.5

0,0,368,520,328,582,444.0,455.0

0,0,91,277,319,583,184.0,451.0

0,0,376,541,326,580,458.5,453.0

0,0,77,276,315,579,176.5,447.0

0,0,141,286,298,574,213.5,436.0

0,0,408,546,332,590,477.0,461.0

0,0,147,291,296,578,219.0,437.0

0,0,407,544,334,592,475.5,463.0

0,0,157,298,288,580,227.5,434.0

0,0,406,540,320,596,473.0,458.0

0,0,346,457,168,398,401.5,283.0

0,0,159,295,207,410,227.0,308.5

0,0,390,615,73,312,502.5,192.5

0,0,171,363,112,365,267.0,238.5

0,0,402,590,89,339,496.0,214.0

0,0,167,357,97,347,262.0,222.0

0,0,181,397,56,314,289.0,185.0

0,0,193,381,333,529,287.0,431.0

0,0,167,393,66,315,280.0,190.5

0,0,220,384,326,529,302.0,427.5

0,0,176,470,74,279,323.0,176.5

0,0,199,509,298,451,354.0,374.5

0,0,345,578,172,605,461.5,388.5

0,0,29,284,128,639,156.5,383.5

0,0,324,584,73,618,454.0,345.5

0,0,37,280,137,639,158.5,388.0

0,0,308,580,27,629,444.0,328.0

0,0,43,275,232,639,159.0,435.5

0,0,293,640,71,638,466.5,354.5

0,0,37,235,256,638,136.0,447.0

0,0,307,569,70,632,438.0,351.0

0,0,42,269,244,638,155.5,441.0

0,0,308,562,73,637,435.0,355.0

0,0,39,281,162,635,160.0,398.5

0,0,382,622,157,579,502.0,368.0

0,0,67,347,159,581,207.0,370.0

0,0,378,615,195,577,496.5,386.0

0,0,91,340,166,571,215.5,368.5

0,0,88,341,138,570,214.5,354.0

0,0,372,605,161,586,488.5,373.5

0,0,139,640,49,285,389.5,167.0

0,0,0,640,295,598,320.0,446.5

0,0,46,640,48,298,343.0,173.0

0,0,10,640,316,543,325.0,429.5

0,0,132,640,319,531,386.0,425.0

0,0,20,633,16,324,326.5,170.0

0,0,129,640,43,298,384.5,170.5

0,0,24,640,315,551,332.0,433.0

0,0,99,319,88,470,209.0,279.0

0,0,334,636,205,628,485.0,416.5

0,0,334,574,213,569,454.0,391.0

0,0,97,310,96,430,203.5,263.0

0,0,105,323,87,476,214.0,281.5

0,0,324,626,221,633,475.0,427.0

0,0,310,470,102,473,390.0,287.5

0,0,159,308,156,514,233.5,335.0

0,0,148,301,274,526,224.5,400.0

0,0,265,532,76,474,398.5,275.0

0,0,310,483,208,516,396.5,362.0

0,0,95,284,88,537,189.5,312.5

0,0,79,297,98,420,188.0,259.0

0,0,313,529,156,465,421.0,310.5

0,0,130,309,84,535,219.5,309.5

0,0,341,520,62,555,430.5,308.5

0,0,29,249,192,614,139.0,403.0

0,0,341,556,237,583,448.5,410.0

0,0,58,286,272,609,172.0,440.5

0,0,362,566,181,577,464.0,379.0

0,0,329,549,228,583,439.0,405.5

0,0,61,263,221,578,162.0,399.5

0,0,44,399,349,536,221.5,442.5

0,0,210,640,106,349,425.0,227.5

0,0,55,521,340,530,288.0,435.0

0,0,188,638,93,315,413.0,204.0

0,0,291,513,40,476,402.0,258.0

0,0,17,240,12,469,128.5,240.5

0,0,298,553,48,467,425.5,257.5

0,0,0,264,28,519,132.0,273.5

0,0,301,520,40,473,410.5,256.5

0,0,14,303,12,449,158.5,230.5

0,0,367,517,295,557,442.0,426.0

0,0,117,343,73,489,230.0,281.0

0,0,157,335,163,489,246.0,326.0

0,0,351,501,182,552,426.0,367.0

0,0,350,486,159,548,418.0,353.5

0,0,152,327,164,474,239.5,319.0

0,0,149,298,164,480,223.5,322.0

0,0,315,538,145,547,426.5,346.0

0,0,341,484,160,543,412.5,351.5

0,0,146,313,136,475,229.5,305.5

0,0,335,477,183,541,406.0,362.0

0,0,141,308,105,471,224.5,288.0

0,0,331,479,196,535,405.0,365.5

0,0,144,303,95,468,223.5,281.5

0,0,90,457,139,336,273.5,237.5

0,0,96,527,362,586,311.5,474.0

0,0,97,473,80,325,285.0,202.5

0,0,99,506,346,555,302.5,450.5

0,0,410,553,298,534,481.5,416.0

0,0,227,401,310,542,314.0,426.0

0,0,416,552,268,544,484.0,406.0

0,0,229,401,286,539,315.0,412.5

0,0,222,364,298,529,293.0,413.5

0,0,389,621,305,505,505.0,405.0

0,0,358,521,205,549,439.5,377.0

0,0,130,317,142,526,223.5,334.0

0,0,353,518,197,547,435.5,372.0

0,0,114,317,126,526,215.5,326.0

0,0,132,330,157,522,231.0,339.5

0,0,360,545,205,547,452.5,376.0

0,0,141,361,173,528,251.0,350.5

0,0,364,581,220,546,472.5,383.0

0,0,117,340,174,530,228.5,352.0

0,0,363,572,227,559,467.5,393.0

0,0,108,302,111,525,205.0,318.0

0,0,318,550,111,549,434.0,330.0

0,0,108,304,177,519,206.0,348.0

0,0,315,546,69,547,430.5,308.0

0,0,105,278,200,520,191.5,360.0

0,0,302,601,41,556,451.5,298.5

0,0,107,283,179,519,195.0,349.0

0,0,305,549,41,555,427.0,298.0

0,0,336,554,168,527,445.0,347.5

0,0,91,317,174,532,204.0,353.0

0,0,336,548,148,513,442.0,330.5

0,0,28,310,175,562,169.0,368.5

0,0,58,229,108,497,143.5,302.5

0,0,296,453,116,568,374.5,342.0

0,0,51,207,102,454,129.0,278.0

0,0,298,456,103,592,377.0,347.5

0,0,113,277,258,640,195.0,449.0

0,0,386,548,276,625,467.0,450.5

0,0,111,278,256,640,194.5,448.0

0,0,363,524,258,588,443.5,423.0

0,0,393,617,247,610,505.0,428.5

0,0,115,332,243,613,223.5,428.0

0,0,352,522,258,594,437.0,426.0

0,0,73,274,255,634,173.5,444.5

0,0,379,537,272,624,458.0,448.0

0,0,97,279,254,626,188.0,440.0

0,0,116,284,259,640,200.0,449.5

0,0,387,548,275,623,467.5,449.0

0,0,95,322,10,471,208.5,240.5

0,0,305,546,0,516,425.5,258.0

0,0,102,325,4,573,213.5,288.5

0,0,290,524,2,406,407.0,204.0

0,0,116,345,0,580,230.5,290.0

0,0,342,536,1,348,439.0,174.5

0,0,333,543,0,394,438.0,197.0

0,0,115,331,2,538,223.0,270.0

0,0,110,322,2,401,216.0,201.5

0,0,310,530,0,590,420.0,295.0

0,0,312,531,0,594,421.5,297.0

0,0,109,317,2,417,213.0,209.5

0,0,104,275,1,363,189.5,182.0

0,0,320,603,0,574,461.5,287.0

0,0,105,275,2,363,190.0,182.5

0,0,318,601,2,569,459.5,285.5

0,0,333,559,36,591,446.0,313.5

0,0,0,228,136,638,114.0,387.0

0,0,332,568,39,581,450.0,310.0

0,0,30,252,149,640,141.0,394.5

0,0,135,292,224,573,213.5,398.5

0,0,293,464,103,536,378.5,319.5

0,0,130,283,329,589,206.5,459.0

0,0,268,535,96,551,401.5,323.5

0,0,326,477,273,553,401.5,413.0

0,0,104,322,170,611,213.0,390.5

0,0,312,503,232,530,407.5,381.0

0,0,84,278,211,515,181.0,363.0

0,0,300,490,213,498,395.0,355.5

0,0,62,269,218,498,165.5,358.0

0,0,336,515,198,521,425.5,359.5

0,0,117,318,174,500,217.5,337.0

0,0,39,268,267,529,153.5,398.0

0,0,314,500,227,529,407.0,378.0

0,0,273,488,65,452,380.5,258.5

0,0,18,247,81,433,132.5,257.0

0,0,69,272,78,467,170.5,272.5

0,0,309,521,65,458,415.0,261.5

0,0,80,277,92,464,178.5,278.0

0,0,315,519,69,464,417.0,266.5

0,0,287,489,101,467,388.0,284.0

0,0,28,256,110,448,142.0,279.0

0,0,30,258,97,440,144.0,268.5

0,0,279,489,68,460,384.0,264.0

0,0,73,261,120,441,167.0,280.5

0,0,278,501,70,455,389.5,262.5

0,0,0,498,120,390,249.0,255.0

0,0,3,359,400,605,181.0,502.5

0,0,0,405,110,347,202.5,228.5

0,0,0,555,362,592,277.5,477.0

0,0,0,282,115,352,141.0,233.5

0,0,0,575,324,578,287.5,451.0

0,0,0,495,128,353,247.5,240.5

0,0,4,459,344,590,231.5,467.0

0,0,0,400,139,368,200.0,253.5

0,0,4,427,414,635,215.5,524.5

0,0,0,347,76,353,173.5,214.5

0,0,4,417,378,610,210.5,494.0

0,0,0,363,118,350,181.5,234.0

0,0,0,408,398,619,204.0,508.5

0,0,0,392,149,372,196.0,260.5

0,0,4,420,405,618,212.0,511.5

0,0,52,204,98,398,128.0,248.0

0,0,224,444,178,631,334.0,404.5

0,0,225,446,178,540,335.5,359.0

0,0,18,213,99,484,115.5,291.5

0,0,312,476,118,423,394.0,270.5

0,0,55,228,247,567,141.5,407.0

0,0,322,464,270,529,393.0,399.5

0,0,119,284,328,608,201.5,468.0

0,0,310,541,273,577,425.5,425.0

0,0,39,280,178,507,159.5,342.5

0,0,112,285,264,560,198.5,412.0

0,0,359,515,122,407,437.0,264.5

0,0,250,330,76,241,290.0,158.5

0,0,379,493,4,241,436.0,122.5

0,0,252,333,74,252,292.5,163.0

0,0,381,485,9,244,433.0,126.5

0,0,152,229,0,53,190.5,26.5

0,0,239,339,94,329,289.0,211.5

0,0,399,498,73,328,448.5,200.5

0,0,241,334,56,316,287.5,186.0

0,0,399,495,51,317,447.0,184.0

0,0,239,342,54,331,290.5,192.5

0,0,399,497,51,320,448.0,185.5

0,0,415,505,97,285,460.0,191.0

0,0,211,346,26,338,278.5,182.0

0,0,381,536,96,378,458.5,237.0

0,0,197,342,95,379,269.5,237.0

0,0,346,510,105,408,428.0,256.5

0,0,140,320,165,412,230.0,288.5

0,0,369,517,147,552,443.0,349.5

0,0,90,277,209,601,183.5,405.0

0,0,365,515,146,515,440.0,330.5

0,0,94,278,205,620,186.0,412.5

0,0,372,512,150,524,442.0,337.0

0,0,121,294,164,580,207.5,372.0

0,0,115,303,135,459,209.0,297.0

0,0,357,517,139,534,437.0,336.5

0,0,234,330,69,261,282.0,165.0

0,0,362,461,71,263,411.5,167.0

0,0,377,508,113,294,442.5,203.5

0,0,242,374,103,316,308.0,209.5

0,0,88,198,166,366,143.0,266.0

0,0,353,487,83,396,420.0,239.5

0,0,356,478,100,398,417.0,249.0

0,0,100,243,180,384,171.5,282.0

0,0,336,444,66,362,390.0,214.0

0,0,95,233,81,358,164.0,219.5

0,0,339,458,168,385,398.5,276.5

0,0,79,251,125,375,165.0,250.0

0,0,370,484,138,397,427.0,267.5

0,0,125,263,81,382,194.0,231.5

0,0,356,484,130,404,420.0,267.0

0,0,119,261,85,378,190.0,231.5

0,0,369,520,145,501,444.5,323.0

0,0,131,305,122,467,218.0,294.5

0,0,128,331,138,467,229.5,302.5

0,0,357,546,175,494,451.5,334.5

0,0,259,418,286,544,338.5,415.0

0,0,260,457,78,292,358.5,185.0

0,0,265,418,292,544,341.5,418.0

0,0,259,455,81,294,357.0,187.5

0,0,275,419,313,548,347.0,430.5

0,0,252,461,75,309,356.5,192.0

0,0,235,393,338,583,314.0,460.5

0,0,242,458,90,337,350.0,213.5

0,0,324,545,145,486,434.5,315.5

0,0,136,341,29,437,238.5,233.0

0,0,359,547,137,485,453.0,311.0

0,0,163,346,40,432,254.5,236.0

0,0,361,560,134,499,460.5,316.5

0,0,176,362,81,446,269.0,263.5

0,0,178,390,86,453,284.0,269.5

0,0,364,587,143,515,475.5,329.0

0,0,332,537,152,513,434.5,332.5

0,0,143,345,32,444,244.0,238.0

0,0,385,578,91,448,481.5,269.5

0,0,191,378,38,416,284.5,227.0

0,0,256,427,323,551,341.5,437.0

0,0,209,404,57,327,306.5,192.0

0,0,204,402,54,328,303.0,191.0

0,0,255,424,319,546,339.5,432.5

0,0,248,420,346,537,334.0,441.5

0,0,208,404,57,348,306.0,202.5

0,0,215,418,338,532,316.5,435.0

0,0,223,407,50,338,315.0,194.0

0,0,263,475,70,488,369.0,279.0

0,0,5,258,61,471,131.5,266.0

0,0,140,529,68,246,334.5,157.0

0,0,35,596,274,452,315.5,363.0

0,0,112,535,52,251,323.5,151.5

0,0,95,601,286,453,348.0,369.5

0,0,200,603,296,468,401.5,382.0

0,0,20,540,78,295,280.0,186.5

0,0,58,528,80,278,293.0,179.0

0,0,93,615,309,472,354.0,390.5

0,0,81,303,170,634,192.0,402.0

0,0,322,542,228,639,432.0,433.5

0,0,323,538,296,640,430.5,468.0

0,0,86,343,204,637,214.5,420.5

0,0,360,532,61,529,446.0,295.0

0,0,142,289,38,324,215.5,181.0

0,0,372,512,70,368,442.0,219.0

0,0,94,306,33,482,200.0,257.5

0,0,370,507,81,427,438.5,254.0

0,0,126,294,39,485,210.0,262.0

0,0,125,282,43,465,203.5,254.0

0,0,370,505,81,449,437.5,265.0

0,0,31,272,66,466,151.5,266.0

0,0,348,571,47,484,459.5,265.5

0,0,24,272,56,454,148.0,255.0

0,0,345,553,17,462,449.0,239.5

0,0,30,254,75,487,142.0,281.0

0,0,338,571,50,475,454.5,262.5

0,0,381,595,185,626,488.0,405.5

0,0,17,361,9,635,189.0,322.0

0,0,376,604,147,637,490.0,392.0

0,0,17,363,29,639,190.0,334.0

0,0,61,350,121,637,205.5,379.0

0,0,364,610,102,638,487.0,370.0

0,0,62,312,208,637,187.0,422.5

0,0,301,637,214,638,469.0,426.0

0,0,344,511,91,409,427.5,250.0

0,0,104,305,91,387,204.5,239.0

0,0,348,530,98,413,439.0,255.5

0,0,173,351,76,408,262.0,242.0

0,0,312,495,101,402,403.5,251.5

0,0,112,303,100,389,207.5,244.5

0,0,94,262,125,409,178.0,267.0

0,0,320,579,79,601,449.5,340.0

0,0,96,263,123,411,179.5,267.0

0,0,322,579,82,602,450.5,342.0

0,0,359,524,81,442,441.5,261.5

0,0,81,296,131,565,188.5,348.0

0,0,97,295,125,569,196.0,347.0

0,0,357,521,84,426,439.0,255.0

0,0,112,266,125,417,189.0,271.0

0,0,335,592,78,604,463.5,341.0

0,0,110,268,125,421,189.0,273.0

0,0,343,596,83,611,469.5,347.0

0,0,325,482,45,333,403.5,189.0

0,0,139,297,38,340,218.0,189.0

0,0,303,438,143,552,370.5,347.5

0,0,139,288,157,571,213.5,364.0

0,0,148,293,272,571,220.5,421.5

0,0,309,493,105,558,401.0,331.5

0,0,162,323,165,416,242.5,290.5

0,0,347,518,149,429,432.5,289.0

0,0,335,513,153,437,424.0,295.0

0,0,144,319,118,420,231.5,269.0

0,0,361,516,147,428,438.5,287.5

0,0,156,319,151,418,237.5,284.5

0,0,359,515,148,424,437.0,286.0

0,0,158,329,150,415,243.5,282.5

0,0,164,342,166,424,253.0,295.0

0,0,373,590,162,449,481.5,305.5

0,0,164,342,166,424,253.0,295.0

0,0,373,590,162,449,481.5,305.5

0,0,130,525,356,521,327.5,438.5

0,0,4,516,115,329,260.0,222.0

0,0,67,532,355,527,299.5,441.0

0,0,109,518,111,303,313.5,207.0

0,0,197,519,105,292,358.0,198.5

0,0,26,527,328,531,276.5,429.5

0,0,74,225,227,507,149.5,367.0

0,0,307,515,43,499,411.0,271.0

0,0,363,522,81,459,442.5,270.0

0,0,26,212,74,505,119.0,289.5

0,0,364,501,176,445,432.5,310.5

0,0,2,259,48,507,130.5,277.5

0,0,362,500,156,439,431.0,297.5

0,0,7,244,49,506,125.5,277.5

0,0,371,512,30,429,441.5,229.5

0,0,14,208,107,500,111.0,303.5

0,0,373,596,191,439,484.5,315.0

0,0,153,322,136,432,237.5,284.0

0,0,169,384,131,437,276.5,284.0

0,0,390,635,213,489,512.5,351.0

0,0,316,509,108,402,412.5,255.0

0,0,66,308,157,453,187.0,305.0

0,0,289,495,98,404,392.0,251.0

0,0,36,281,167,458,158.5,312.5

0,0,310,505,93,381,407.5,237.0

0,0,43,292,160,434,167.5,297.0

0,0,31,203,146,479,117.0,312.5

0,0,260,480,97,639,370.0,368.0

0,0,77,233,174,545,155.0,359.5

0,0,287,495,131,621,391.0,376.0

0,0,64,225,174,546,144.5,360.0

0,0,285,496,112,639,390.5,375.5

0,0,92,256,172,564,174.0,368.0

0,0,301,475,114,592,388.0,353.0

0,0,313,486,106,569,399.5,337.5

0,0,91,273,152,556,182.0,354.0

0,0,315,493,105,567,404.0,336.0

0,0,95,278,165,579,186.5,372.0

0,0,310,496,103,506,403.0,304.5

0,0,98,281,171,574,189.5,372.5

0,0,317,500,101,507,408.5,304.0

0,0,99,280,169,573,189.5,371.0

0,0,333,499,97,402,416.0,249.5

0,0,66,286,151,562,176.0,356.5

0,0,330,495,96,402,412.5,249.0

0,0,60,280,154,568,170.0,361.0

0,0,328,499,93,404,413.5,248.5

0,0,48,271,154,578,159.5,366.0

0,0,322,502,99,510,412.0,304.5

0,0,86,275,164,577,180.5,370.5

0,0,324,505,91,503,414.5,297.0

0,0,87,276,154,572,181.5,363.0

0,0,91,261,138,515,176.0,326.5

0,0,322,497,84,573,409.5,328.5

0,0,89,243,78,405,166.0,241.5

0,0,309,583,82,574,446.0,328.0

0,0,381,546,54,391,463.5,222.5

0,0,179,357,34,334,268.0,184.0

0,0,391,604,51,373,497.5,212.0

0,0,189,380,35,376,284.5,205.5

0,0,389,557,50,363,473.0,206.5

0,0,193,361,42,339,277.0,190.5

0,0,385,552,52,376,468.5,214.0

0,0,189,360,39,336,274.5,187.5

0,0,387,563,59,388,475.0,223.5

0,0,164,359,43,381,261.5,212.0

0,0,142,365,46,314,253.5,180.0

0,0,365,558,63,385,461.5,224.0

0,0,386,558,62,389,472.0,225.5

0,0,180,359,49,347,269.5,198.0

0,0,384,554,66,394,469.0,230.0

0,0,173,351,64,373,262.0,218.5

0,0,377,543,63,394,460.0,228.5

0,0,188,355,61,372,271.5,216.5

0,0,140,357,20,279,248.5,149.5

0,0,359,552,52,363,455.5,207.5

0,0,123,308,125,556,215.5,340.5

0,0,341,522,257,513,431.5,385.0

0,0,124,310,123,552,217.0,337.5

0,0,341,524,243,507,432.5,375.0

0,0,130,302,137,485,216.0,311.0

0,0,324,525,182,490,424.5,336.0

0,0,129,301,169,486,215.0,327.5

0,0,327,523,183,491,425.0,337.0

0,0,132,312,195,482,222.0,338.5

0,0,324,525,105,484,424.5,294.5

0,0,132,308,197,479,220.0,338.0

0,0,325,520,106,483,422.5,294.5

0,0,129,307,195,480,218.0,337.5

0,0,324,520,108,486,422.0,297.0

0,0,133,299,198,500,216.0,349.0

0,0,320,522,63,478,421.0,270.5

0,0,130,277,233,508,203.5,370.5

0,0,306,590,53,487,448.0,270.0

0,0,130,277,242,510,203.5,376.0

0,0,302,590,61,484,446.0,272.5

0,0,132,280,235,507,206.0,371.0

0,0,297,590,60,482,443.5,271.0

0,0,133,278,226,500,205.5,363.0

0,0,301,589,67,481,445.0,274.0

0,0,135,294,199,484,214.5,341.5

0,0,315,527,75,485,421.0,280.0

0,0,134,314,183,454,224.0,318.5

0,0,329,530,175,477,429.5,326.0

0,0,132,306,159,448,219.0,303.5

0,0,321,524,188,475,422.5,331.5

0,0,133,298,91,437,215.5,264.0

0,0,329,521,194,464,425.0,329.0

0,0,134,295,84,434,214.5,259.0

0,0,330,520,189,462,425.0,325.5

0,0,124,305,53,466,214.5,259.5

0,0,337,529,184,455,433.0,319.5

0,0,1,253,123,322,127.0,222.5

0,0,302,640,140,392,471.0,266.0

0,0,312,595,156,364,453.5,260.0

0,0,1,297,130,328,149.0,229.0

0,0,314,598,157,362,456.0,259.5

0,0,1,294,131,338,147.5,234.5

0,0,337,610,151,326,473.5,238.5

0,0,4,309,140,358,156.5,249.0

0,0,3,305,144,356,154.0,250.0

0,0,336,620,149,312,478.0,230.5

0,0,356,609,134,294,482.5,214.0

0,0,3,320,153,348,161.5,250.5

0,0,347,604,130,292,475.5,211.0

0,0,1,322,148,345,161.5,246.5

0,0,321,631,147,309,476.0,228.0

0,0,7,305,145,369,156.0,257.0

0,0,334,633,148,328,483.5,238.0

0,0,5,309,141,350,157.0,245.5

0,0,5,301,143,355,153.0,249.0

0,0,332,628,153,346,480.0,249.5

0,0,332,623,154,363,477.5,258.5

0,0,1,296,136,326,148.5,231.0

0,0,0,253,138,321,126.5,229.5

0,0,294,632,149,368,463.0,258.5

0,0,158,542,363,571,350.0,467.0

0,0,257,564,74,268,410.5,171.0

0,0,152,519,353,564,335.5,458.5

0,0,221,545,76,277,383.0,176.5

0,0,144,527,344,561,335.5,452.5

0,0,227,546,73,274,386.5,173.5

0,0,146,521,348,574,333.5,461.0

0,0,214,545,67,260,379.5,163.5

0,0,367,606,140,640,486.5,390.0

0,0,51,271,184,532,161.0,358.0

0,0,369,609,140,640,489.0,390.0

0,0,51,271,181,530,161.0,355.5

0,0,60,275,182,600,167.5,391.0

0,0,374,568,136,640,471.0,388.0

0,0,381,565,130,566,473.0,348.0

0,0,77,291,179,631,184.0,405.0

0,0,380,559,121,463,469.5,292.0

0,0,73,305,171,634,189.0,402.5

0,0,89,297,187,517,193.0,352.0

0,0,379,576,145,640,477.5,392.5

0,0,69,239,174,489,154.0,331.5

0,0,371,639,152,631,505.0,391.5

0,0,67,238,173,506,152.5,339.5

0,0,367,625,154,637,496.0,395.5

0,0,99,471,336,578,285.0,457.0

0,0,173,491,33,293,332.0,163.0

0,0,128,485,256,481,306.5,368.5

0,0,201,550,13,229,375.5,121.0

0,0,131,499,253,479,315.0,366.0

0,0,191,574,11,233,382.5,122.0

0,0,113,462,311,465,287.5,388.0

0,0,119,423,154,329,271.0,241.5

0,0,306,463,200,500,384.5,350.0

0,0,129,311,15,465,220.0,240.0

0,0,315,470,117,496,392.5,306.5

0,0,144,304,20,462,224.0,241.0

0,0,328,487,102,500,407.5,301.0

0,0,138,297,34,474,217.5,254.0

0,0,343,499,88,503,421.0,295.5

0,0,133,303,100,482,218.0,291.0

0,0,341,496,96,513,418.5,304.5

0,0,128,299,125,481,213.5,303.0

0,0,118,277,193,506,197.5,349.5

0,0,314,561,93,519,437.5,306.0

0,0,341,495,67,522,418.0,294.5

0,0,129,294,89,484,211.5,286.5

0,0,358,502,92,514,430.0,303.0

0,0,132,292,53,479,212.0,266.0

0,0,361,505,148,517,433.0,332.5

0,0,129,304,60,486,216.5,273.0

0,0,362,509,197,529,435.5,363.0

0,0,121,316,66,496,218.5,281.0

0,0,69,325,70,499,197.0,284.5

0,0,360,509,208,541,434.5,374.5

0,0,98,450,5,221,274.0,113.0

0,0,172,554,282,565,363.0,423.5

0,0,109,423,5,213,266.0,109.0

0,0,161,543,290,560,352.0,425.0

0,0,179,545,262,536,362.0,399.0

0,0,102,476,1,216,289.0,108.5

0,0,174,293,127,382,233.5,254.5

0,0,331,461,61,397,396.0,229.0

0,0,167,294,116,381,230.5,248.5

0,0,319,459,60,389,389.0,224.5

0,0,330,450,128,386,390.0,257.0

0,0,162,299,75,442,230.5,258.5

0,0,337,456,129,375,396.5,252.0

0,0,172,310,71,439,241.0,255.0

0,0,172,318,77,430,245.0,253.5

0,0,336,462,130,380,399.0,255.0

0,0,356,461,79,409,408.5,244.0

0,0,172,292,102,451,232.0,276.5

0,0,360,460,70,404,410.0,237.0

0,0,174,286,95,449,230.0,272.0

0,0,164,286,192,455,225.0,323.5

0,0,324,468,119,433,396.0,276.0

0,0,168,291,194,457,229.5,325.5

0,0,322,476,119,439,399.0,279.0

0,0,140,394,154,350,267.0,252.0

0,0,343,558,430,638,450.5,534.0

0,0,379,625,374,568,502.0,471.0

0,0,275,594,83,277,434.5,180.0

0,0,172,458,1,182,315.0,91.5

0,0,231,471,233,420,351.0,326.5

0,0,163,450,86,318,306.5,202.0

0,0,371,598,385,622,484.5,503.5

0,0,140,425,94,334,282.5,214.0

0,0,328,583,410,637,455.5,523.5

0,0,356,622,355,548,489.0,451.5

0,0,308,602,63,251,455.0,157.0

0,0,321,486,101,509,403.5,305.0

0,0,93,281,150,594,187.0,372.0

0,0,321,489,101,507,405.0,304.0

0,0,99,281,139,614,190.0,376.5

0,0,324,487,96,438,405.5,267.0

0,0,87,284,152,637,185.5,394.5

0,0,327,485,93,416,406.0,254.5

0,0,25,294,157,634,159.5,395.5

0,0,90,429,8,220,259.5,114.0

0,0,166,553,283,565,359.5,424.0

0,0,83,454,1,208,268.5,104.5

0,0,168,550,246,525,359.0,385.5

0,0,68,465,1,203,266.5,102.0

0,0,161,551,245,520,356.0,382.5

0,0,101,475,0,217,288.0,108.5

0,0,175,548,261,541,361.5,401.0

0,0,124,276,189,483,200.0,336.0

0,0,333,486,125,498,409.5,311.5

0,0,122,274,187,484,198.0,335.5

0,0,337,484,127,499,410.5,313.0

0,0,126,270,180,490,198.0,335.0

0,0,341,483,156,500,412.0,328.0

0,0,128,271,176,497,199.5,336.5

0,0,332,481,169,493,406.5,331.0

0,0,335,471,218,483,403.0,350.5

0,0,112,266,145,481,189.0,313.0

0,0,315,472,229,489,393.5,359.0

0,0,118,267,138,481,192.5,309.5

0,0,143,275,191,510,209.0,350.5

0,0,338,482,200,523,410.0,361.5

0,0,136,267,209,513,201.5,361.0

0,0,347,478,185,529,412.5,357.0

0,0,337,601,93,502,469.0,297.5

0,0,2,305,217,588,153.5,402.5

0,0,334,598,112,530,466.0,321.0

0,0,53,313,128,576,183.0,352.0

0,0,0,305,129,576,152.5,352.5

0,0,320,595,120,543,457.5,331.5

0,0,323,595,133,543,459.0,338.0

0,0,1,300,236,598,150.5,417.0

0,0,318,593,140,550,455.5,345.0

0,0,39,305,150,596,172.0,373.0

0,0,370,639,206,579,504.5,392.5

0,0,68,353,161,594,210.5,377.5

0,0,149,277,127,503,213.0,315.0

0,0,351,503,140,513,427.0,326.5

0,0,149,277,109,500,213.0,304.5

0,0,350,498,143,510,424.0,326.5

0,0,310,472,86,511,391.0,298.5

0,0,140,276,139,502,208.0,320.5

0,0,135,273,219,513,204.0,366.0

0,0,288,558,69,522,423.0,295.5

0,0,128,263,130,486,195.5,308.0

0,0,327,480,63,509,403.5,286.0

0,0,128,263,123,486,195.5,304.5

0,0,339,486,60,509,412.5,284.5

0,0,129,277,118,489,203.0,303.5

0,0,340,486,84,501,413.0,292.5

0,0,132,280,125,486,206.0,305.5

0,0,332,487,89,501,409.5,295.0

0,0,346,492,107,500,419.0,303.5

0,0,127,274,47,482,200.5,264.5

0,0,342,492,158,507,417.0,332.5

0,0,115,277,38,491,196.0,264.5

0,0,359,491,196,502,425.0,349.0

0,0,66,309,46,506,187.5,276.0

0,0,54,260,200,551,157.0,375.5

0,0,319,528,196,552,423.5,374.0

0,0,331,550,155,523,440.5,339.0

0,0,65,271,110,551,168.0,330.5

0,0,298,511,144,553,404.5,348.5

0,0,61,266,199,551,163.5,375.0

0,0,300,516,161,560,408.0,360.5

0,0,67,264,181,555,165.5,368.0

0,0,330,503,172,531,416.5,351.5

0,0,55,269,34,559,162.0,296.5

0,0,326,488,97,555,407.0,326.0

0,0,50,257,38,584,153.5,311.0

0,0,322,480,52,564,401.0,308.0

0,0,66,252,92,578,159.0,335.0

0,0,310,479,14,549,394.5,281.5

0,0,75,253,120,572,164.0,346.0

0,0,75,238,119,568,156.5,343.5

0,0,307,479,19,555,393.0,287.0

0,0,69,226,108,574,147.5,341.0

0,0,311,489,38,544,400.0,291.0

0,0,65,226,235,574,145.5,404.5

0,0,319,505,41,550,412.0,295.5

0,0,339,504,107,550,421.5,328.5

0,0,69,264,64,570,166.5,317.0

0,0,341,503,133,572,422.0,352.5

0,0,53,270,62,604,161.5,333.0

0,0,345,510,203,589,427.5,396.0

0,0,18,271,50,626,144.5,338.0

0,0,342,510,200,608,426.0,404.0

0,0,7,267,38,626,137.0,332.0

0,0,362,506,212,506,434.0,359.0

0,0,150,347,232,519,248.5,375.5

0,0,353,500,206,502,426.5,354.0

0,0,180,334,258,565,257.0,411.5

0,0,189,347,249,543,268.0,396.0

0,0,365,547,195,506,456.0,350.5

0,0,375,519,200,493,447.0,346.5

0,0,190,347,255,545,268.5,400.0

0,0,367,502,207,487,434.5,347.0

0,0,186,345,252,547,265.5,399.5

0,0,356,503,199,495,429.5,347.0

0,0,136,345,247,529,240.5,388.0

0,0,371,505,195,466,438.0,330.5

0,0,179,338,261,537,258.5,399.0

0,0,195,353,252,540,274.0,396.0

0,0,369,560,185,483,464.5,334.0

0,0,199,357,258,543,278.0,400.5

0,0,381,577,173,457,479.0,315.0

0,0,368,510,173,442,439.0,307.5

0,0,178,342,219,498,260.0,358.5

0,0,371,510,167,449,440.5,308.0

0,0,176,344,219,498,260.0,358.5

0,0,130,640,48,274,385.0,161.0

0,0,4,632,298,530,318.0,414.0

0,0,126,640,44,267,383.0,155.5

0,0,4,632,294,521,318.0,407.5

0,0,43,634,35,258,338.5,146.5

0,0,8,634,282,515,321.0,398.5

0,0,77,640,299,514,358.5,406.5

0,0,18,632,37,279,325.0,158.0

0,0,6,631,9,290,318.5,149.5

0,0,79,640,300,509,359.5,404.5

0,0,31,635,34,247,333.0,140.5

0,0,0,630,276,508,315.0,392.0

0,0,113,640,31,245,376.5,138.0

0,0,0,628,266,511,314.0,388.5

0,0,101,287,45,456,194.0,250.5

0,0,321,542,39,456,431.5,247.5

0,0,101,288,46,454,194.5,250.0

0,0,318,541,35,454,429.5,244.5

0,0,101,289,45,454,195.0,249.5

0,0,320,542,34,455,431.0,244.5

0,0,280,498,59,478,389.0,268.5

0,0,99,279,75,478,189.0,276.5

0,0,265,499,83,480,382.0,281.5

0,0,95,278,65,476,186.5,270.5

0,0,108,293,115,484,200.5,299.5

0,0,308,505,69,482,406.5,275.5

0,0,111,309,87,477,210.0,282.0

0,0,328,552,63,489,440.0,276.0

0,0,109,297,89,468,203.0,278.5

0,0,313,515,76,474,414.0,275.0

0,0,286,478,43,464,382.0,253.5

0,0,93,276,67,474,184.5,270.5

0,0,410,540,321,575,475.0,448.0

0,0,146,289,277,569,217.5,423.0

0,0,412,540,322,579,476.0,450.5

0,0,136,288,302,567,212.0,434.5

0,0,401,571,346,595,486.0,470.5

0,0,90,297,331,592,193.5,461.5

0,0,411,587,350,594,499.0,472.0

0,0,85,299,329,593,192.0,461.0

0,0,417,593,343,587,505.0,465.0

0,0,80,297,313,589,188.5,451.0

0,0,89,299,310,590,194.0,450.0

0,0,404,577,327,585,490.5,456.0

0,0,90,296,301,580,193.0,440.5

0,0,402,577,325,584,489.5,454.5

0,0,403,567,324,581,485.0,452.5

0,0,135,293,271,566,214.0,418.5

0,0,423,565,317,580,494.0,448.5

0,0,150,295,274,560,222.5,417.0

0,0,424,561,308,572,492.5,440.0

0,0,160,301,259,558,230.5,408.5

0,0,423,558,307,576,490.5,441.5

0,0,167,313,253,560,240.0,406.5

0,0,423,554,241,574,488.5,407.5

0,0,172,345,255,562,258.5,408.5

0,0,174,353,257,563,263.5,410.0

0,0,419,575,270,571,497.0,420.5

0,0,169,340,266,565,254.5,415.5

0,0,409,562,270,569,485.5,419.5

0,0,167,336,268,564,251.5,416.0

0,0,406,552,265,567,479.0,416.0

0,0,167,330,259,558,248.5,408.5

0,0,402,542,239,566,472.0,402.5

0,0,159,328,253,546,243.5,399.5

0,0,401,519,226,563,460.0,394.5

0,0,381,513,284,559,447.0,421.5

0,0,156,319,252,549,237.5,400.5

0,0,380,513,322,568,446.5,445.0

0,0,152,287,267,555,219.5,411.0

0,0,379,515,322,572,447.0,447.0

0,0,144,285,288,568,214.5,428.0

0,0,373,538,327,583,455.5,455.0

0,0,68,272,321,583,170.0,452.0

0,0,379,545,325,580,462.0,452.5

0,0,80,277,316,580,178.5,448.0

0,0,382,549,329,584,465.5,456.5

0,0,84,281,312,580,182.5,446.0

0,0,392,547,333,590,469.5,461.5

0,0,137,281,283,571,209.0,427.0

0,0,165,312,282,580,238.5,431.0

0,0,405,553,276,600,479.0,438.0

0,0,170,343,284,580,256.5,432.0

0,0,405,568,296,601,486.5,448.5

0,0,172,343,286,581,257.5,433.5

0,0,405,563,294,598,484.0,446.0

0,0,172,343,287,581,257.5,434.0

0,0,406,561,285,596,483.5,440.5

0,0,330,455,177,399,392.5,288.0

0,0,177,286,188,413,231.5,300.5

0,0,185,316,207,408,250.5,307.5

0,0,348,497,193,402,422.5,297.5

0,0,184,316,206,416,250.0,311.0

0,0,350,473,183,404,411.5,293.5

0,0,331,454,184,402,392.5,293.0

0,0,138,281,212,407,209.5,309.5

0,0,372,602,66,306,487.0,186.0

0,0,167,352,96,337,259.5,216.5

0,0,378,604,78,306,491.0,192.0

0,0,175,363,113,362,269.0,237.5

0,0,387,611,77,311,499.0,194.0

0,0,173,364,116,368,268.5,242.0

0,0,363,564,89,339,463.5,214.0

0,0,95,327,110,350,211.0,230.0

0,0,366,568,94,340,467.0,217.0

0,0,94,327,108,352,210.5,230.0

0,0,410,626,73,338,518.0,205.5

0,0,181,378,93,345,279.5,219.0

0,0,411,629,77,334,520.0,205.5

0,0,185,380,97,348,282.5,222.5

0,0,375,583,98,350,479.0,224.0

0,0,100,337,114,351,218.5,232.5

0,0,373,578,100,349,475.5,224.5

0,0,102,338,108,353,220.0,230.5

0,0,224,405,52,303,314.5,177.5

0,0,173,440,322,621,306.5,471.5

0,0,226,402,54,303,314.0,178.5

0,0,178,382,323,535,280.0,429.0

0,0,192,397,50,317,294.5,183.5

0,0,178,382,329,532,280.0,430.5

0,0,187,401,54,317,294.0,185.5

0,0,187,380,332,527,283.5,429.5

0,0,181,397,56,315,289.0,185.5

0,0,193,382,333,530,287.5,431.5

0,0,167,396,60,319,281.5,189.5

0,0,221,383,327,532,302.0,429.5

0,0,219,386,337,545,302.5,441.0

0,0,167,374,94,331,270.5,212.5

0,0,167,378,97,335,272.5,216.0

0,0,194,382,354,547,288.0,450.5

0,0,186,378,99,340,282.0,219.5

0,0,195,386,354,551,290.5,452.5

0,0,201,378,105,338,289.5,221.5

0,0,193,391,352,571,292.0,461.5

0,0,227,383,103,326,305.0,214.5

0,0,193,424,350,639,308.5,494.5

0,0,227,385,104,327,306.0,215.5

0,0,194,425,350,640,309.5,495.0

0,0,227,520,298,452,373.5,375.0

0,0,180,492,62,277,336.0,169.5

0,0,203,514,298,452,358.5,375.0

0,0,177,480,70,281,328.5,175.5

0,0,159,447,115,294,303.0,204.5

0,0,176,521,303,519,348.5,411.0

0,0,175,456,119,296,315.5,207.5

0,0,180,522,302,517,351.0,409.5

0,0,174,465,124,292,319.5,208.0

0,0,195,531,306,504,363.0,405.0

0,0,7,287,88,630,147.0,359.0

0,0,369,575,229,597,472.0,413.0

0,0,344,579,168,603,461.5,385.5

0,0,28,282,118,639,155.0,378.5

0,0,324,583,88,616,453.5,352.0

0,0,42,280,123,640,161.0,381.5

0,0,316,580,38,628,448.0,333.0

0,0,40,273,157,637,156.5,397.0

0,0,288,633,76,634,460.5,355.0

0,0,33,235,258,640,134.0,449.0

0,0,41,269,238,638,155.0,438.0

0,0,306,566,75,632,436.0,353.5

0,0,309,557,69,638,433.0,353.5

0,0,40,284,178,635,162.0,406.5

0,0,306,578,106,620,442.0,363.0

0,0,33,282,145,640,157.5,392.5

0,0,320,582,186,631,451.0,408.5

0,0,14,288,123,638,151.0,380.5

0,0,380,587,240,630,483.5,435.0

0,0,0,307,129,638,153.5,383.5

0,0,382,589,238,634,485.5,436.0

0,0,0,305,114,638,152.5,376.0

0,0,309,545,197,597,427.0,397.0

0,0,56,286,175,553,171.0,364.0

0,0,347,561,189,591,454.0,390.0

0,0,64,312,120,559,188.0,339.5

0,0,101,383,180,577,242.0,378.5

0,0,372,605,166,584,488.5,375.0

0,0,326,565,190,584,445.5,387.0

0,0,51,287,114,565,169.0,339.5

0,0,475,640,193,638,557.5,415.5

0,0,65,443,95,637,254.0,366.0

0,0,410,640,149,563,525.0,356.0

0,0,64,378,83,555,221.0,319.0

0,0,379,617,212,586,498.0,399.0

0,0,94,348,171,576,221.0,373.5

0,0,363,565,158,584,464.0,371.0

0,0,50,296,144,565,173.0,354.5

0,0,319,551,192,589,435.0,390.5

0,0,27,283,197,564,155.0,380.5

0,0,377,603,171,583,490.0,377.0

0,0,97,369,186,580,233.0,383.0

0,0,379,587,152,579,483.0,365.5

0,0,89,363,170,573,226.0,371.5

0,0,118,640,54,297,379.0,175.5

0,0,8,630,313,557,319.0,435.0

0,0,48,640,314,534,344.0,424.0

0,0,15,633,45,295,324.0,170.0

0,0,11,632,37,301,321.5,169.0

0,0,92,640,317,532,366.0,424.5

0,0,137,640,321,531,388.5,426.0

0,0,26,634,17,323,330.0,170.0

0,0,75,640,321,531,357.5,426.0

0,0,19,632,53,307,325.5,180.0

0,0,12,632,50,301,322.0,175.5

0,0,83,640,320,531,361.5,425.5

0,0,16,633,42,300,324.5,171.0

0,0,99,640,318,532,369.5,425.0

0,0,81,640,318,537,360.5,427.5

0,0,13,633,36,300,323.0,168.0

0,0,69,640,50,298,354.5,174.0

0,0,24,640,314,536,332.0,425.0

0,0,115,640,49,298,377.5,173.5

0,0,16,632,313,537,324.0,425.0

0,0,142,640,43,283,391.0,163.0

0,0,27,640,307,556,333.5,431.5

0,0,92,298,96,423,195.0,259.5

0,0,328,634,205,626,481.0,415.5

0,0,41,299,104,498,170.0,301.0

0,0,279,552,198,523,415.5,360.5

0,0,104,324,93,475,214.0,284.0

0,0,332,630,217,620,481.0,418.5

0,0,30,297,113,519,163.5,316.0

0,0,278,550,199,519,414.0,359.0

0,0,30,296,112,513,163.0,312.5

0,0,274,549,196,527,411.5,361.5

0,0,334,507,180,461,420.5,320.5

0,0,119,328,61,504,223.5,282.5

0,0,327,498,165,467,412.5,316.0

0,0,140,323,70,507,231.5,288.5

0,0,319,487,132,476,403.0,304.0

0,0,158,316,101,518,237.0,309.5

0,0,314,471,98,471,392.5,284.5

0,0,163,312,158,513,237.5,335.5

0,0,151,304,159,517,227.5,338.0

0,0,293,468,73,474,380.5,273.5

0,0,291,465,66,476,378.0,271.0

0,0,145,299,153,517,222.0,335.0

0,0,134,290,226,519,212.0,372.5

0,0,277,463,72,475,370.0,273.5

0,0,118,279,153,529,198.5,341.0

0,0,288,467,84,487,377.5,285.5

0,0,115,283,148,525,199.0,336.5

0,0,301,471,107,489,386.0,298.0

0,0,113,278,145,533,195.5,339.0

0,0,302,473,123,500,387.5,311.5

0,0,307,475,172,504,391.0,338.0

0,0,108,282,94,537,195.0,315.5

0,0,306,478,185,515,392.0,350.0

0,0,105,282,96,543,193.5,319.5

0,0,307,484,210,511,395.5,360.5

0,0,80,280,75,525,180.0,300.0

0,0,307,478,207,512,392.5,359.5

0,0,43,288,63,530,165.5,296.5

0,0,309,477,198,510,393.0,354.0

0,0,42,285,61,518,163.5,289.5

0,0,308,526,152,465,417.0,308.5

0,0,0,284,136,425,142.0,280.5

0,0,78,290,93,423,184.0,258.0

0,0,311,533,147,463,422.0,305.0

0,0,313,555,171,492,434.0,331.5

0,0,0,283,102,422,141.5,262.0

0,0,95,302,98,438,198.5,268.0

0,0,317,617,175,495,467.0,335.0

0,0,94,300,94,432,197.0,263.0

0,0,317,617,171,496,467.0,333.5

0,0,93,298,90,424,195.5,257.0

0,0,318,614,158,472,466.0,315.0

0,0,90,300,82,419,195.0,250.5

0,0,315,541,151,464,428.0,307.5

0,0,129,314,2,537,221.5,269.5

0,0,336,520,83,537,428.0,310.0

0,0,125,312,177,548,218.5,362.5

0,0,339,517,38,562,428.0,300.0

0,0,124,313,179,549,218.5,364.0

0,0,342,517,35,560,429.5,297.5

0,0,326,597,9,587,461.5,298.0

0,0,130,291,262,563,210.5,412.5

0,0,126,293,244,553,209.5,398.5

0,0,333,546,6,569,439.5,287.5

0,0,334,513,26,567,423.5,296.5

0,0,125,306,172,551,215.5,361.5

0,0,121,305,139,550,213.0,344.5

0,0,334,509,50,568,421.5,309.0

0,0,16,268,245,607,142.0,426.0

0,0,377,596,236,603,486.5,419.5

0,0,60,299,267,615,179.5,441.0

0,0,362,565,244,574,463.5,409.0

0,0,54,257,233,588,155.5,410.5

0,0,322,547,236,588,434.5,412.0

0,0,32,253,178,590,142.5,384.0

0,0,336,555,229,585,445.5,407.0

0,0,45,297,265,607,171.0,436.0

0,0,376,588,227,588,482.0,407.5

0,0,31,276,249,599,153.5,424.0

0,0,374,568,228,598,471.0,413.0

0,0,83,529,348,535,306.0,441.5

0,0,208,640,123,325,424.0,224.0

0,0,13,530,315,494,271.5,404.5

0,0,148,580,104,305,364.0,204.5

0,0,122,491,105,300,306.5,202.5

0,0,4,542,318,524,273.0,421.0

0,0,91,468,102,274,279.5,188.0

0,0,14,567,308,560,290.5,434.0

0,0,94,475,105,278,284.5,191.5

0,0,9,561,308,561,285.0,434.5

0,0,26,296,24,394,161.0,209.0

0,0,317,540,43,478,428.5,260.5

0,0,296,512,46,482,404.0,264.0

0,0,20,244,13,465,132.0,239.0

0,0,317,552,45,457,434.5,251.0

0,0,26,309,28,390,167.5,209.0

0,0,320,559,48,448,439.5,248.0

0,0,28,308,29,395,168.0,212.0

0,0,14,259,11,376,136.5,193.5

0,0,309,496,27,440,402.5,233.5

0,0,354,600,42,418,477.0,230.0

0,0,53,331,32,418,192.0,225.0

0,0,304,530,30,420,417.0,225.0

0,0,25,295,29,414,160.0,221.5

0,0,319,548,26,420,433.5,223.0

0,0,28,301,27,414,164.5,220.5

0,0,308,529,30,420,418.5,225.0

0,0,12,260,13,472,136.0,242.5

0,0,298,518,33,440,408.0,236.5

0,0,12,258,10,468,135.0,239.0

0,0,316,550,27,446,433.0,236.5

0,0,25,300,26,396,162.5,211.0

0,0,365,517,295,560,441.0,427.5

0,0,121,337,72,486,229.0,279.0

0,0,365,516,296,557,440.5,426.5

0,0,134,338,64,481,236.0,272.5

0,0,362,509,229,564,435.5,396.5

0,0,156,332,73,485,244.0,279.0

0,0,361,509,233,567,435.0,400.0

0,0,154,328,79,489,241.0,284.0

0,0,360,508,228,561,434.0,394.5

0,0,158,328,89,484,243.0,286.5

0,0,158,327,97,485,242.5,291.0

0,0,356,504,227,556,430.0,391.5

0,0,355,504,229,556,429.5,392.5

0,0,156,324,96,486,240.0,291.0

0,0,152,327,146,480,239.5,313.0

0,0,346,499,175,549,422.5,362.0

0,0,344,498,178,551,421.0,364.5

0,0,151,325,139,480,238.0,309.5

0,0,150,301,160,473,225.5,316.5

0,0,335,527,151,542,431.0,346.5

0,0,346,491,152,549,418.5,350.5

0,0,147,321,169,484,234.0,326.5

0,0,339,483,160,543,411.0,351.5

0,0,144,310,132,478,227.0,305.0

0,0,332,478,190,541,405.0,365.5

0,0,143,306,97,468,224.5,282.5

0,0,339,481,225,527,410.0,376.0

0,0,136,301,53,457,218.5,255.0

0,0,349,480,238,530,414.5,384.0

0,0,96,320,53,461,208.0,257.0

0,0,349,479,241,536,414.0,388.5

0,0,94,319,53,463,206.5,258.0

0,0,92,477,59,307,284.5,183.0

0,0,65,463,330,540,264.0,435.0

0,0,81,464,106,344,272.5,225.0

0,0,92,563,362,565,327.5,463.5

0,0,93,484,54,291,288.5,172.5

0,0,83,484,295,542,283.5,418.5

0,0,84,465,102,332,274.5,217.0

0,0,90,545,348,575,317.5,461.5

0,0,66,447,105,337,256.5,221.0

0,0,92,568,352,574,330.0,463.0

0,0,90,490,64,300,290.0,182.0

0,0,88,488,291,555,288.0,423.0

0,0,77,485,144,356,281.0,250.0

0,0,99,568,367,573,333.5,470.0

0,0,98,481,78,301,289.5,189.5

0,0,79,471,292,541,275.0,416.5

0,0,84,472,56,306,278.0,181.0

0,0,79,478,279,552,278.5,415.5

0,0,100,564,340,588,332.0,464.0

0,0,67,490,117,339,278.5,228.0

0,0,203,360,323,578,281.5,450.5

0,0,389,617,344,564,503.0,454.0

0,0,204,360,317,572,282.0,444.5

0,0,388,617,340,550,502.5,445.0

0,0,204,382,315,581,293.0,448.0

0,0,395,556,304,545,475.5,424.5

0,0,206,374,313,581,290.0,447.0

0,0,395,548,292,539,471.5,415.5

0,0,210,385,294,596,297.5,445.0

0,0,402,548,298,533,475.0,415.5

0,0,402,549,277,552,475.5,414.5

0,0,210,401,303,610,305.5,456.5

0,0,404,553,286,554,478.5,420.0

0,0,211,401,306,612,306.0,459.0

0,0,406,550,300,540,478.0,420.0

0,0,213,395,330,602,304.0,466.0

0,0,408,551,298,535,479.5,416.5

0,0,213,395,317,593,304.0,455.0

0,0,177,417,301,592,297.0,446.5

0,0,414,549,298,511,481.5,404.5

0,0,416,554,277,546,485.0,411.5

0,0,227,399,271,543,313.0,407.0

0,0,413,558,292,563,485.5,427.5

0,0,225,401,245,544,313.0,394.5

0,0,413,559,290,551,486.0,420.5

0,0,224,400,237,540,312.0,388.5

0,0,223,365,302,529,294.0,415.5

0,0,389,626,320,524,507.5,422.0

0,0,352,519,197,546,435.5,371.5

0,0,112,316,125,524,214.0,324.5

0,0,364,531,196,551,447.5,373.5

0,0,118,305,118,523,211.5,320.5

0,0,108,310,133,535,209.0,334.0

0,0,354,521,188,556,437.5,372.0

0,0,101,308,130,532,204.5,331.0

0,0,352,520,186,554,436.0,370.0

0,0,131,351,166,540,241.0,353.0

0,0,353,568,229,560,460.5,394.5

0,0,356,519,196,555,437.5,375.5

0,0,113,309,119,536,211.0,327.5

0,0,129,353,162,540,241.0,351.0

0,0,356,571,227,554,463.5,390.5

0,0,125,346,158,542,235.5,350.0

0,0,353,570,229,562,461.5,395.5

0,0,350,508,221,562,429.0,391.5

0,0,125,344,192,541,234.5,366.5

0,0,111,311,131,542,211.0,336.5

0,0,342,513,206,561,427.5,383.5

0,0,105,310,133,539,207.5,336.0

0,0,343,516,206,558,429.5,382.0

0,0,134,353,185,539,243.5,362.0

0,0,358,573,229,556,465.5,392.5

0,0,131,352,173,527,241.5,350.0

0,0,360,573,227,550,466.5,388.5

0,0,112,305,66,528,208.5,297.0

0,0,313,551,160,551,432.0,355.5

0,0,103,305,64,527,204.0,295.5

0,0,313,551,174,550,432.0,362.0

0,0,105,296,66,526,200.5,296.0

0,0,307,550,158,549,428.5,353.5

0,0,109,306,130,523,207.5,326.5

0,0,328,549,83,546,438.5,314.5

0,0,108,298,176,516,203.0,346.0

0,0,314,547,59,547,430.5,303.0

0,0,107,283,177,520,195.0,348.5

0,0,307,548,49,554,427.5,301.5

0,0,107,297,108,519,202.0,313.5

0,0,324,555,90,553,439.5,321.5

0,0,107,309,67,518,208.0,292.5

0,0,329,556,98,550,442.5,324.0

0,0,332,556,177,549,444.0,363.0

0,0,103,318,99,524,210.5,311.5

0,0,73,319,66,528,196.0,297.0

0,0,348,559,212,551,453.5,381.5

0,0,61,325,69,529,193.0,299.0

0,0,351,561,214,555,456.0,384.5

0,0,342,638,154,539,490.0,346.5

0,0,100,326,169,539,213.0,354.0

0,0,335,543,162,520,439.0,341.0

0,0,42,309,183,573,175.5,378.0

0,0,339,639,147,530,489.0,338.5

0,0,100,329,169,531,214.5,350.0

0,0,336,539,153,553,437.5,353.0

0,0,28,307,173,561,167.5,367.0

0,0,341,640,147,529,490.5,338.0

0,0,95,341,193,545,218.0,369.0

0,0,337,554,150,514,445.5,332.0

0,0,37,306,185,543,171.5,364.0

0,0,335,569,151,517,452.0,334.0

0,0,106,318,192,534,212.0,363.0

0,0,340,639,160,539,489.5,349.5

0,0,100,318,181,539,209.0,360.0

0,0,64,214,98,391,139.0,244.5

0,0,299,533,108,624,416.0,366.0

0,0,63,218,98,392,140.5,245.0

0,0,300,529,108,625,414.5,366.5

0,0,57,238,111,442,147.5,276.5

0,0,297,474,109,612,385.5,360.5

0,0,63,233,103,438,148.0,270.5

0,0,296,451,104,611,373.5,357.5

0,0,294,454,110,501,374.0,305.5

0,0,49,231,104,548,140.0,326.0

0,0,302,464,107,468,383.0,287.5

0,0,46,233,107,544,139.5,325.5

0,0,319,468,110,432,393.5,271.0

0,0,11,235,105,537,123.0,321.0

0,0,317,466,111,436,391.5,273.5

0,0,1,234,102,532,117.5,317.0

0,0,299,465,103,449,382.0,276.0

0,0,48,214,100,552,131.0,326.0

0,0,314,466,110,561,390.0,335.5

0,0,51,206,96,431,128.5,263.5

0,0,49,208,100,451,128.5,275.5

0,0,298,470,115,587,384.0,351.0

0,0,49,200,98,390,124.5,244.0

0,0,290,530,103,554,410.0,328.5

0,0,51,200,98,391,125.5,244.5

0,0,287,532,101,570,409.5,335.5

0,0,389,620,255,586,504.5,420.5

0,0,120,330,238,599,225.0,418.5

0,0,323,516,231,552,419.5,391.5

0,0,10,261,257,604,135.5,430.5

0,0,388,550,266,608,469.0,437.0

0,0,108,273,256,634,190.5,445.0

0,0,402,638,243,578,520.0,410.5

0,0,116,326,240,595,221.0,417.5

0,0,371,531,267,607,451.0,437.0

0,0,110,276,259,640,193.0,449.5

0,0,331,515,245,572,423.0,408.5

0,0,14,262,258,602,138.0,430.0

0,0,346,525,32,394,435.5,213.0

0,0,90,255,9,365,172.5,187.0

0,0,375,529,266,610,452.0,438.0

0,0,110,274,259,637,192.0,448.0

0,0,397,619,254,618,508.0,436.0

0,0,115,321,243,608,218.0,425.5

0,0,323,513,250,576,418.0,413.0

0,0,9,259,263,603,134.0,433.0

0,0,374,526,263,608,450.0,435.5

0,0,108,273,262,639,190.5,450.5

0,0,371,528,261,595,449.5,428.0

0,0,108,274,256,640,191.0,448.0

0,0,119,314,38,374,216.5,206.0

0,0,368,595,34,380,481.5,207.0

0,0,115,309,248,621,212.0,434.5

0,0,386,577,267,640,481.5,453.5

0,0,389,596,259,637,492.5,448.0

0,0,115,323,242,610,219.0,426.0

0,0,340,536,257,603,438.0,430.0

0,0,16,269,258,603,142.5,430.5

0,0,404,640,253,595,522.0,424.0

0,0,123,339,241,615,231.0,428.0

0,0,298,513,0,578,405.5,289.0

0,0,98,321,4,431,209.5,217.5

0,0,101,325,10,506,213.0,258.0

0,0,297,529,1,498,413.0,249.5

0,0,96,330,4,579,213.0,291.5

0,0,294,527,3,379,410.5,191.0

0,0,100,339,2,580,219.5,291.0

0,0,347,532,1,362,439.5,181.5

0,0,44,343,0,588,193.5,294.0

0,0,353,536,0,348,444.5,174.0

0,0,338,543,0,411,440.5,205.5

0,0,116,331,0,551,223.5,275.5

0,0,337,539,0,404,438.0,202.0

0,0,116,332,1,536,224.0,268.5

0,0,113,325,2,425,219.0,213.5

0,0,303,537,5,478,420.0,241.5

0,0,102,284,2,363,193.0,182.5

0,0,323,601,0,581,462.0,290.5

0,0,108,276,2,361,192.0,181.5

0,0,317,598,0,571,457.5,285.5

0,0,13,313,130,593,163.0,361.5

0,0,343,623,53,510,483.0,281.5

0,0,351,640,49,525,495.5,287.0

0,0,36,255,180,635,145.5,407.5

0,0,361,640,53,552,500.5,302.5

0,0,28,303,156,636,165.5,396.0

0,0,338,575,51,608,456.5,329.5

0,0,3,236,152,640,119.5,396.0

0,0,359,638,61,517,498.5,289.0

0,0,25,340,147,628,182.5,387.5

0,0,330,565,53,600,447.5,326.5

0,0,2,233,144,640,117.5,392.0

0,0,356,631,59,510,493.5,284.5

0,0,13,318,122,597,165.5,359.5

0,0,334,569,39,583,451.5,311.0

0,0,0,216,126,637,108.0,381.5

0,0,320,475,221,520,397.5,370.5

0,0,118,300,118,565,209.0,341.5

0,0,300,472,175,530,386.0,352.5

0,0,131,295,123,574,213.0,348.5

0,0,300,470,177,537,385.0,357.0

0,0,125,294,135,579,209.5,357.0

0,0,300,470,132,543,385.0,337.5

0,0,136,292,185,578,214.0,381.5

0,0,136,293,226,576,214.5,401.0

0,0,292,465,101,543,378.5,322.0

0,0,138,291,300,578,214.5,439.0

0,0,271,461,98,546,366.0,322.0

0,0,130,280,330,588,205.0,459.0

0,0,276,499,93,552,387.5,322.5

0,0,131,278,276,591,204.5,433.5

0,0,275,456,93,549,365.5,321.0

0,0,129,279,243,590,204.0,416.5

0,0,283,459,100,546,371.0,323.0

0,0,132,280,231,591,206.0,411.0

0,0,288,458,129,551,373.0,340.0

0,0,294,459,143,555,376.5,349.0

0,0,133,286,227,591,209.5,409.0

0,0,134,289,176,593,211.5,384.5

0,0,301,463,170,561,382.0,365.5

0,0,298,467,249,560,382.5,404.5

0,0,127,300,158,610,213.5,384.0

0,0,299,470,246,564,384.5,405.0

0,0,130,301,155,612,215.5,383.5

0,0,97,273,183,520,185.0,351.5

0,0,315,510,221,524,412.5,372.5

0,0,308,492,233,532,400.0,382.5

0,0,44,267,248,521,155.5,384.5

0,0,122,319,219,498,220.5,358.5

0,0,346,562,243,516,454.0,379.5

0,0,346,544,225,524,445.0,374.5

0,0,116,316,215,495,216.0,355.0

0,0,310,501,225,522,405.5,373.5

0,0,62,264,216,502,163.0,359.0

0,0,121,322,232,506,221.5,369.0

0,0,340,562,251,523,451.0,387.0

0,0,12,574,271,544,293.0,407.5

0,0,68,640,3,241,354.0,122.0

0,0,74,566,267,529,320.0,398.0

0,0,80,640,8,243,360.0,125.5

0,0,76,606,262,512,341.0,387.0

0,0,94,615,10,236,354.5,123.0

0,0,106,554,4,241,330.0,122.5

0,0,82,640,252,508,361.0,380.0

0,0,121,511,15,244,316.0,129.5

0,0,86,640,242,515,363.0,378.5

0,0,101,424,11,210,262.5,110.5

0,0,90,640,229,575,365.0,402.0

0,0,96,536,5,243,316.0,124.0

0,0,80,640,241,516,360.0,378.5

0,0,71,268,67,451,169.5,259.0

0,0,324,524,39,439,424.0,239.0

0,0,11,251,126,455,131.0,290.5

0,0,271,484,75,477,377.5,276.0

0,0,310,502,64,447,406.0,255.5

0,0,69,265,122,439,167.0,280.5

0,0,282,490,60,456,386.0,258.0

0,0,38,258,105,437,148.0,271.0

0,0,76,276,64,451,176.0,257.5

0,0,323,515,47,443,419.0,245.0

0,0,0,500,104,379,250.0,241.5

0,0,3,366,402,609,184.5,505.5

0,0,2,361,394,613,181.5,503.5

0,0,0,527,141,379,263.5,260.0

0,0,0,539,133,375,269.5,254.0

0,0,6,425,382,617,215.5,499.5

0,0,0,407,110,350,203.5,230.0

0,0,0,570,346,591,285.0,468.5

0,0,0,393,113,346,196.5,229.5

0,0,0,569,335,579,284.5,457.0

0,0,0,400,116,349,200.0,232.5

0,0,0,579,333,580,289.5,456.5

0,0,0,435,116,352,217.5,234.0

0,0,0,531,344,590,265.5,467.0

0,0,0,510,138,362,255.0,250.0

0,0,4,455,344,591,229.5,467.5

0,0,2,365,362,592,183.5,477.0

0,0,0,565,136,379,282.5,257.5

0,0,0,359,375,593,179.5,484.0

0,0,0,640,82,400,320.0,241.0

0,0,1,381,114,353,191.0,233.5

0,0,4,427,411,636,215.5,523.5

0,0,1,366,137,375,183.5,256.0

0,0,1,444,420,640,222.5,530.0

0,0,0,427,96,375,213.5,235.5

0,0,3,425,412,640,214.0,526.0

0,0,0,414,117,363,207.0,240.0

0,0,0,449,419,640,224.5,529.5

0,0,0,449,93,361,224.5,227.0

0,0,2,419,420,640,210.5,530.0

0,0,0,400,425,640,200.0,532.5

0,0,0,523,148,399,261.5,273.5

0,0,0,303,364,551,151.5,457.5

0,0,0,235,174,385,117.5,279.5

0,0,0,379,366,561,189.5,463.5

0,0,0,339,89,319,169.5,204.0

0,0,0,361,116,366,180.5,241.0

0,0,1,413,412,620,207.0,516.0

0,0,0,366,59,348,183.0,203.5

0,0,6,430,383,618,218.0,500.5

0,0,3,469,115,360,236.0,237.5

0,0,1,452,405,640,226.5,522.5

0,0,62,212,107,333,137.0,220.0

0,0,226,497,203,640,361.5,421.5

0,0,61,211,105,331,136.0,218.0

0,0,224,500,202,640,362.0,421.0

0,0,229,450,165,469,339.5,317.0

0,0,33,212,67,501,122.5,284.0

0,0,242,457,173,499,349.5,336.0

0,0,0,182,56,503,91.0,279.5

0,0,230,450,190,555,340.0,372.5

0,0,0,186,93,436,93.0,264.5

0,0,34,194,102,423,114.0,262.5

0,0,236,450,207,637,343.0,422.0

0,0,41,192,101,333,116.5,217.0

0,0,242,450,207,638,346.0,422.5

0,0,25,185,63,308,105.0,185.5

0,0,239,503,203,640,371.0,421.5

0,0,33,188,66,310,110.5,188.0

0,0,257,523,183,636,390.0,409.5

0,0,10,173,52,302,91.5,177.0

0,0,247,532,163,636,389.5,399.5

0,0,324,594,233,550,459.0,391.5

0,0,91,327,244,558,209.0,401.0

0,0,104,276,198,490,190.0,344.0

0,0,340,498,110,402,419.0,256.0

0,0,32,250,199,569,141.0,384.0

0,0,306,470,2,434,388.0,218.0

0,0,246,521,238,555,383.5,396.5

0,0,2,217,238,587,109.5,412.5

0,0,294,441,177,450,367.5,313.5

0,0,33,200,267,565,116.5,416.0

0,0,318,481,155,617,399.5,386.0

0,0,109,312,353,640,210.5,496.5

0,0,349,512,189,488,430.5,338.5

0,0,165,353,257,550,259.0,403.5

0,0,298,583,265,599,440.5,432.0

0,0,75,307,363,640,191.0,501.5

0,0,38,267,353,640,152.5,496.5

0,0,287,471,304,619,379.0,461.5

0,0,272,421,232,503,346.5,367.5

0,0,44,209,238,537,126.5,387.5

0,0,308,457,288,537,382.5,412.5

0,0,115,275,328,592,195.0,460.0

0,0,165,350,209,509,257.5,359.0

0,0,375,558,112,396,466.5,254.0

0,0,143,335,162,470,239.0,316.0

0,0,341,581,154,452,461.0,303.0

0,0,125,315,192,496,220.0,344.0

0,0,340,516,101,385,428.0,243.0

0,0,321,504,56,478,412.5,267.0

0,0,86,303,287,640,194.5,463.5

0,0,247,352,81,305,299.5,193.0

0,0,381,498,31,280,439.5,155.5

0,0,231,345,54,346,288.0,200.0

0,0,420,504,117,304,462.0,210.5

0,0,405,492,110,307,448.5,208.5

0,0,205,349,37,363,277.0,200.0

0,0,408,496,98,297,452.0,197.5

0,0,210,344,31,354,277.0,192.5

0,0,222,348,36,363,285.0,199.5

0,0,410,503,98,306,456.5,202.0

0,0,227,345,28,355,286.0,191.5

0,0,413,503,95,295,458.0,195.0

0,0,231,341,46,359,286.0,202.5

0,0,406,503,71,305,454.5,188.0

0,0,231,337,48,344,284.0,196.0

0,0,414,503,49,299,458.5,174.0

0,0,235,321,90,325,278.0,207.5

0,0,413,502,46,311,457.5,178.5

0,0,234,321,71,305,277.5,188.0

0,0,411,502,33,303,456.5,168.0

0,0,234,326,128,300,280.0,214.0

0,0,407,510,47,306,458.5,176.5

0,0,233,327,110,300,280.0,205.0

0,0,401,506,42,302,453.5,172.0

0,0,374,542,92,417,458.0,254.5

0,0,142,324,171,408,233.0,289.5

0,0,392,579,127,394,485.5,260.5

0,0,199,378,134,420,288.5,277.0

0,0,390,560,121,395,475.0,258.0

0,0,193,363,139,410,278.0,274.5

0,0,380,528,120,396,454.0,258.0

0,0,197,334,144,420,265.5,282.0

0,0,397,594,147,400,495.5,273.5

0,0,195,377,149,432,286.0,290.5

0,0,344,514,102,403,429.0,252.5

0,0,147,319,159,411,233.0,285.0

0,0,202,378,146,435,290.0,290.5

0,0,388,577,176,405,482.5,290.5

0,0,76,251,201,498,163.5,349.5

0,0,364,525,149,589,444.5,369.0

0,0,85,267,194,549,176.0,371.5

0,0,364,525,148,584,444.5,366.0

0,0,367,511,151,564,439.0,357.5

0,0,88,275,193,580,181.5,386.5

0,0,103,291,191,621,197.0,406.0

0,0,357,513,133,470,435.0,301.5

0,0,356,513,130,467,434.5,298.5

0,0,102,288,192,627,195.0,409.5

0,0,373,515,132,376,444.0,254.0

0,0,40,297,198,613,168.5,405.5

0,0,112,299,175,617,205.5,396.0

0,0,369,513,144,492,441.0,318.0

0,0,370,516,146,524,443.0,335.0

0,0,118,294,163,582,206.0,372.5

0,0,113,298,146,516,205.5,331.0

0,0,355,508,148,547,431.5,347.5

0,0,354,511,143,539,432.5,341.0

0,0,114,298,138,515,206.0,326.5

0,0,113,305,129,455,209.0,292.0

0,0,357,519,136,545,438.0,340.5

0,0,245,350,86,266,297.5,176.0

0,0,366,467,62,280,416.5,171.0

0,0,210,333,108,285,271.5,196.5

0,0,346,458,81,292,402.0,186.5

0,0,373,474,74,265,423.5,169.5

0,0,191,275,58,252,233.0,155.0

0,0,227,313,28,235,270.0,131.5

0,0,359,448,12,196,403.5,104.0

0,0,237,350,91,278,293.5,184.5

0,0,362,490,99,275,426.0,187.0

0,0,237,328,67,248,282.5,157.5

0,0,361,455,50,240,408.0,145.0

0,0,349,458,96,292,403.5,194.0

0,0,207,330,104,279,268.5,191.5

0,0,239,334,75,253,286.5,164.0

0,0,363,463,62,257,413.0,159.5

0,0,361,467,88,395,414.0,241.5

0,0,102,249,165,376,175.5,270.5

0,0,356,455,99,403,405.5,251.0

0,0,97,240,126,385,168.5,255.5

0,0,353,454,77,368,403.5,222.5

0,0,102,239,74,356,170.5,215.0

0,0,327,448,105,375,387.5,240.0

0,0,98,241,74,365,169.5,219.5

0,0,352,455,176,389,403.5,282.5

0,0,83,247,131,392,165.0,261.5

0,0,370,475,199,415,422.5,307.0

0,0,92,261,155,389,176.5,272.0

0,0,370,479,198,402,424.5,300.0

0,0,90,262,156,389,176.0,272.5

0,0,123,260,93,388,191.5,240.5

0,0,378,481,155,410,429.5,282.5

0,0,358,485,139,407,421.5,273.0

0,0,122,260,87,381,191.0,234.0

0,0,359,523,147,396,441.0,271.5

0,0,119,262,158,367,190.5,262.5

0,0,353,521,174,407,437.0,290.5

0,0,114,225,184,378,169.5,281.0

0,0,139,343,149,479,241.0,314.0

0,0,369,562,176,503,465.5,339.5

0,0,352,566,190,489,459.0,339.5

0,0,121,332,137,476,226.5,306.5

0,0,65,292,155,458,178.5,306.5

0,0,341,506,132,493,423.5,312.5

0,0,68,295,147,450,181.5,298.5

0,0,343,511,128,493,427.0,310.5

0,0,129,320,113,470,224.5,291.5

0,0,364,562,187,497,463.0,342.0

0,0,68,296,161,465,182.0,313.0

0,0,336,512,153,489,424.0,321.0

0,0,332,461,89,292,396.5,190.5

0,0,219,427,298,582,323.0,440.0

0,0,332,462,88,290,397.0,189.0

0,0,220,427,299,583,323.5,441.0

0,0,287,466,89,293,376.5,191.0

0,0,221,428,299,567,324.5,433.0

0,0,236,428,302,559,332.0,430.5

0,0,288,463,86,295,375.5,190.5

0,0,275,420,311,549,347.5,430.0

0,0,252,462,74,309,357.0,191.5

0,0,277,423,316,553,350.0,434.5

0,0,253,465,75,316,359.0,195.5

0,0,285,426,367,566,355.5,466.5

0,0,252,468,3,362,360.0,182.5

0,0,282,423,361,561,352.5,461.0

0,0,246,464,3,356,355.0,179.5

0,0,265,413,355,572,339.0,463.5

0,0,239,460,57,333,349.5,195.0

0,0,244,398,345,581,321.0,463.0

0,0,249,463,104,351,356.0,227.5

0,0,214,390,327,585,302.0,456.0

0,0,254,460,88,329,357.0,208.5

0,0,206,388,323,581,297.0,452.0

0,0,260,459,76,326,359.5,201.0

0,0,198,389,327,586,293.5,456.5

0,0,279,466,73,322,372.5,197.5

0,0,176,397,286,615,286.5,450.5

0,0,340,475,66,280,407.5,173.0

0,0,186,403,259,638,294.5,448.5

0,0,348,481,74,281,414.5,177.5

0,0,179,398,94,454,288.5,274.0

0,0,379,600,145,497,489.5,321.0

0,0,330,544,144,499,437.0,321.5

0,0,135,337,35,441,236.0,238.0

0,0,179,386,92,454,282.5,273.0

0,0,374,597,148,507,485.5,327.5

0,0,312,536,145,506,424.0,325.5

0,0,130,336,33,438,233.0,235.5

0,0,169,356,76,445,262.5,260.5

0,0,359,583,140,515,471.0,327.5

0,0,203,399,60,448,301.0,254.0

0,0,406,600,69,441,503.0,255.0

0,0,355,561,143,484,458.0,313.5

0,0,153,370,46,414,261.5,230.0

0,0,376,563,118,470,469.5,294.0

0,0,192,375,59,419,283.5,239.0

0,0,145,348,19,428,246.5,223.5

0,0,357,568,117,479,462.5,298.0

0,0,347,553,126,512,450.0,319.0

0,0,131,348,40,432,239.5,236.0

0,0,182,375,75,441,278.5,258.0

0,0,376,584,134,489,480.0,311.5

0,0,180,410,86,449,295.0,267.5

0,0,378,594,136,490,486.0,313.0

0,0,365,552,183,542,458.5,362.5

0,0,100,317,189,561,208.5,375.0

0,0,96,330,188,561,213.0,374.5

0,0,366,557,182,535,461.5,358.5

0,0,364,541,183,494,452.5,338.5

0,0,91,277,189,549,184.0,369.0

0,0,309,528,180,516,418.5,348.0

0,0,31,267,176,560,149.0,368.0

0,0,382,578,168,515,480.0,341.5

0,0,91,281,196,558,186.0,377.0

0,0,314,537,176,500,425.5,338.0

0,0,33,276,169,545,154.5,357.0

0,0,95,282,192,557,188.5,374.5

0,0,368,553,180,491,460.5,335.5

0,0,364,536,176,523,450.0,349.5

0,0,94,313,195,563,203.5,379.0

0,0,365,532,182,488,448.5,335.0

0,0,91,277,188,548,184.0,368.0

0,0,311,527,183,506,419.0,344.5

0,0,33,272,178,560,152.5,369.0

0,0,366,549,184,496,457.5,340.0

0,0,96,282,187,551,189.0,369.0

0,0,271,404,59,279,337.5,169.0

0,0,208,429,304,589,318.5,446.5

0,0,250,402,58,293,326.0,175.5

0,0,210,428,306,567,319.0,436.5

0,0,239,401,59,300,320.0,179.5

0,0,209,427,301,554,318.0,427.5

0,0,217,402,61,327,309.5,194.0

0,0,228,427,323,540,327.5,431.5

0,0,195,404,67,342,299.5,204.5

0,0,276,421,329,540,348.5,434.5

0,0,305,420,344,537,362.5,440.5

0,0,193,403,56,379,298.0,217.5

0,0,195,401,2,381,298.0,191.5

0,0,305,418,336,533,361.5,434.5

0,0,271,418,342,537,344.5,439.5

0,0,197,405,63,353,301.0,208.0

0,0,204,404,59,350,304.0,204.5

0,0,252,417,343,538,334.5,440.5

0,0,227,408,54,347,317.5,200.5

0,0,215,418,347,539,316.5,443.0

0,0,257,405,51,294,331.0,172.5

0,0,213,419,318,551,316.0,434.5

0,0,281,488,98,539,384.5,318.5

0,0,84,276,89,536,180.0,312.5

0,0,284,489,99,539,386.5,319.0

0,0,88,278,87,534,183.0,310.5

0,0,279,522,52,499,400.5,275.5

0,0,15,246,54,462,130.5,258.0

0,0,70,267,83,522,168.5,302.5

0,0,301,517,94,525,409.0,309.5

0,0,275,476,94,498,375.5,296.0

0,0,18,259,81,475,138.5,278.0

0,0,205,548,68,246,376.5,157.0

0,0,38,602,273,487,320.0,380.0

0,0,216,557,54,236,386.5,145.0

0,0,46,615,270,488,330.5,379.0

0,0,68,543,55,253,305.5,154.0

0,0,104,603,286,456,353.5,371.0

0,0,190,596,292,456,393.0,374.0

0,0,29,527,66,260,278.0,163.0

0,0,194,597,290,454,395.5,372.0

0,0,9,529,79,277,269.0,178.0

0,0,265,597,300,457,431.0,378.5

0,0,21,532,14,301,276.5,157.5

0,0,158,608,317,479,383.0,398.0

0,0,41,530,81,285,285.5,183.0

0,0,68,536,75,273,302.0,174.0

0,0,89,620,306,468,354.5,387.0

0,0,66,626,299,473,346.0,386.0

0,0,126,544,75,267,335.0,171.0

0,0,326,558,233,638,442.0,435.5

0,0,65,302,197,639,183.5,418.0

0,0,319,545,265,639,432.0,452.0

0,0,79,336,215,638,207.5,426.5

0,0,315,533,261,640,424.0,450.5

0,0,77,336,212,639,206.5,425.5

0,0,297,530,248,640,413.5,444.0

0,0,52,290,221,640,171.0,430.5

0,0,285,527,244,640,406.0,442.0

0,0,60,292,229,640,176.0,434.5

0,0,323,546,275,640,434.5,457.5

0,0,79,306,206,638,192.5,422.0

0,0,360,531,64,533,445.5,298.5

0,0,141,288,39,325,214.5,182.0

0,0,142,289,36,339,215.5,187.5

0,0,363,512,61,525,437.5,293.0

0,0,139,293,39,399,216.0,219.0

0,0,366,508,72,530,437.0,301.0

0,0,373,510,63,469,441.5,266.0

0,0,138,285,33,403,211.5,218.0

0,0,375,512,65,412,443.5,238.5

0,0,140,292,38,449,216.0,243.5

0,0,144,296,42,448,220.0,245.0

0,0,378,514,72,390,446.0,231.0

0,0,374,512,76,377,443.0,226.5

0,0,141,289,43,459,215.0,251.0

0,0,369,511,70,368,440.0,219.0

0,0,72,311,26,484,191.5,255.0

0,0,370,512,67,367,441.0,217.0

0,0,73,310,26,486,191.5,256.0

0,0,370,511,68,366,440.5,217.0

0,0,73,307,29,482,190.0,255.5

0,0,367,506,76,425,436.5,250.5

0,0,123,289,38,485,206.0,261.5

0,0,374,507,75,443,440.5,259.0

0,0,125,278,33,412,201.5,222.5

0,0,375,509,72,474,442.0,273.0

0,0,128,279,34,408,203.5,221.0

0,0,381,512,80,497,446.5,288.5

0,0,130,274,39,416,202.0,227.5

0,0,130,271,39,327,200.5,183.0

0,0,350,553,77,512,451.5,294.5

0,0,129,273,34,325,201.0,179.5

0,0,351,547,71,510,449.0,290.5

0,0,311,529,45,451,420.0,248.0

0,0,25,243,72,499,134.0,285.5

0,0,24,239,59,425,131.5,242.0

0,0,319,525,24,427,422.0,225.5

0,0,338,543,19,469,440.5,244.0

0,0,26,273,55,461,149.5,258.0

0,0,346,549,29,470,447.5,249.5

0,0,26,273,55,452,149.5,253.5

0,0,26,271,54,461,148.5,257.5

0,0,343,556,25,457,449.5,241.0

0,0,298,516,44,440,407.0,242.0

0,0,9,231,89,539,120.0,314.0

0,0,25,262,76,482,143.5,279.0

0,0,343,559,46,490,451.0,268.0

0,0,29,276,70,484,152.5,277.0

0,0,351,571,47,472,461.0,259.5

0,0,355,573,43,474,464.0,258.5

0,0,28,274,58,482,151.0,270.0

0,0,17,362,74,640,189.5,357.0

0,0,367,602,152,640,484.5,396.0

0,0,46,359,67,638,202.5,352.5

0,0,371,607,183,638,489.0,410.5

0,0,57,346,41,627,201.5,334.0

0,0,359,602,107,640,480.5,373.5

0,0,56,349,112,636,202.5,374.0

0,0,363,605,96,639,484.0,367.5

0,0,46,342,204,637,194.0,420.5

0,0,348,618,114,639,483.0,376.5

0,0,60,314,205,637,187.0,421.0

0,0,294,626,216,638,460.0,427.0

0,0,15,328,173,636,171.5,404.5

0,0,344,608,132,640,476.0,386.0

0,0,363,611,148,640,487.0,394.0

0,0,25,351,151,639,188.0,395.0

0,0,365,614,263,638,489.5,450.5

0,0,35,348,94,639,191.5,366.5

0,0,21,372,120,640,196.5,380.0

0,0,396,626,244,640,511.0,442.0

0,0,162,321,73,396,241.5,234.5

0,0,348,504,75,407,426.0,241.0

0,0,357,541,116,408,449.0,262.0

0,0,170,356,73,402,263.0,237.5

0,0,99,298,96,382,198.5,239.0

0,0,318,503,85,408,410.5,246.5

0,0,160,314,83,420,237.0,251.5

0,0,338,487,96,428,412.5,262.0

0,0,347,516,97,417,431.5,257.0

0,0,169,346,72,410,257.5,241.0

0,0,353,520,91,416,436.5,253.5

0,0,171,351,78,407,261.0,242.5

0,0,166,320,79,406,243.0,242.5

0,0,349,501,96,412,425.0,254.0

0,0,314,495,104,398,404.5,251.0

0,0,111,304,99,386,207.5,242.5

0,0,96,261,129,414,178.5,271.5

0,0,320,579,82,601,449.5,341.5

0,0,95,273,111,475,184.0,293.0

0,0,313,514,77,592,413.5,334.5

0,0,96,269,120,472,182.5,296.0

0,0,337,515,88,521,426.0,304.5

0,0,346,519,91,476,432.5,283.5

0,0,103,280,125,531,191.5,328.0

0,0,366,528,103,494,447.0,298.5

0,0,116,294,128,564,205.0,346.0

0,0,366,526,107,510,446.0,308.5

0,0,115,274,145,493,194.5,319.0

0,0,114,266,125,416,190.0,270.5

0,0,330,589,70,598,459.5,334.0

0,0,320,493,43,323,406.5,183.0

0,0,59,281,48,345,170.0,196.5

0,0,324,482,33,333,403.0,183.0

0,0,143,305,48,334,224.0,191.0

0,0,337,562,46,341,449.5,193.5

0,0,135,311,21,342,223.0,181.5

0,0,329,496,42,336,412.5,189.0

0,0,135,298,40,340,216.5,190.0

0,0,324,486,50,337,405.0,193.5

0,0,132,300,46,344,216.0,195.0

0,0,333,495,47,337,414.0,192.0

0,0,134,297,40,341,215.5,190.5

0,0,332,490,48,332,411.0,190.0

0,0,139,299,25,341,219.0,183.0

0,0,344,568,54,344,456.0,199.0

0,0,136,311,7,346,223.5,176.5

0,0,309,443,252,561,376.0,406.5

0,0,74,279,136,575,176.5,355.5

0,0,300,440,204,562,370.0,383.0

0,0,136,281,135,575,208.5,355.0

0,0,301,437,203,559,369.0,381.0

0,0,145,284,137,574,214.5,355.5

0,0,299,436,185,555,367.5,370.0

0,0,143,288,133,572,215.5,352.5

0,0,301,437,157,555,369.0,356.0

0,0,140,288,134,571,214.0,352.5

0,0,306,440,115,553,373.0,334.0

0,0,139,294,174,572,216.5,373.0

0,0,310,444,113,553,377.0,333.0

0,0,143,298,185,574,220.5,379.5

0,0,309,450,111,552,379.5,331.5

0,0,143,302,216,572,222.5,394.0

0,0,144,304,215,574,224.0,394.5

0,0,314,453,107,552,383.5,329.5

0,0,143,291,265,572,217.0,418.5

0,0,308,493,105,555,400.5,330.0

0,0,143,294,204,564,218.5,384.0

0,0,308,444,105,547,376.0,326.0

0,0,306,442,105,546,374.0,325.5

0,0,140,290,203,565,215.0,384.0

0,0,305,439,114,546,372.0,330.0

0,0,140,293,201,566,216.5,383.5

0,0,295,442,197,550,368.5,373.5

0,0,142,292,152,560,217.0,356.0

0,0,143,295,142,563,219.0,352.5

0,0,297,445,197,553,371.0,375.0

0,0,311,445,238,551,378.0,394.5

0,0,118,299,145,570,208.5,357.5

0,0,360,516,151,436,438.0,293.5

0,0,163,326,153,419,244.5,286.0

0,0,360,516,151,436,438.0,293.5

0,0,163,326,153,419,244.5,286.0

0,0,162,323,165,416,242.5,290.5

0,0,347,518,149,429,432.5,289.0

0,0,335,513,153,437,424.0,295.0

0,0,144,319,118,420,231.5,269.0

0,0,361,516,147,428,438.5,287.5

0,0,156,319,151,418,237.5,284.5

0,0,360,511,134,402,435.5,268.0

0,0,163,330,136,409,246.5,272.5

0,0,163,341,157,422,252.0,289.5

0,0,369,594,153,440,481.5,296.5

0,0,163,341,157,422,252.0,289.5

0,0,369,594,153,440,481.5,296.5

0,0,164,336,148,415,250.0,281.5

0,0,368,537,143,428,452.5,285.5

0,0,364,518,139,418,441.0,278.5

0,0,163,329,139,409,246.0,274.0

0,0,364,518,139,418,441.0,278.5

0,0,163,329,139,409,246.0,274.0

0,0,330,503,152,432,416.5,292.0

0,0,146,316,118,425,231.0,271.5

0,0,353,506,144,426,429.5,285.0

0,0,158,321,151,416,239.5,283.5

0,0,359,515,148,424,437.0,286.0

0,0,158,329,150,415,243.5,282.5

0,0,195,525,349,512,360.0,430.5

0,0,5,514,31,328,259.5,179.5

0,0,114,524,362,534,319.0,448.0

0,0,35,509,115,329,272.0,222.0

0,0,100,528,361,535,314.0,448.0

0,0,48,514,116,320,281.0,218.0

0,0,62,542,348,547,302.0,447.5

0,0,206,526,111,296,366.0,203.5

0,0,214,537,110,262,375.5,186.0

0,0,50,570,331,572,310.0,451.5

0,0,200,528,101,272,364.0,186.5

0,0,23,544,324,556,283.5,440.0

0,0,146,515,108,297,330.5,202.5

0,0,44,525,343,521,284.5,432.0

0,0,93,521,345,521,307.0,433.0

0,0,70,518,106,307,294.0,206.5

0,0,123,538,347,515,330.5,431.0

0,0,16,518,123,329,267.0,226.0

0,0,73,225,227,504,149.0,365.5

0,0,308,516,42,491,412.0,266.5

0,0,70,223,225,493,146.5,359.0

0,0,307,515,39,489,411.0,264.0

0,0,45,221,130,504,133.0,317.0

0,0,353,517,42,493,435.0,267.5

0,0,359,520,20,499,439.5,259.5

0,0,40,222,123,509,131.0,316.0

0,0,366,520,40,478,443.0,259.0

0,0,33,219,117,507,126.0,312.0

0,0,365,521,44,472,443.0,258.0

0,0,31,216,92,511,123.5,301.5

0,0,365,523,74,468,444.0,271.0

0,0,35,214,71,503,124.5,287.0

0,0,364,519,82,460,441.5,271.0

0,0,20,209,70,515,114.5,292.5

0,0,369,515,72,439,442.0,255.5

0,0,8,207,53,520,107.5,286.5

0,0,6,209,164,501,107.5,332.5

0,0,375,515,10,434,445.0,222.0

0,0,3,209,168,500,106.0,334.0

0,0,375,513,9,426,444.0,217.5

0,0,2,210,208,509,106.0,358.5

0,0,375,518,6,439,446.5,222.5

0,0,350,581,325,430,465.5,377.5

0,0,161,369,285,390,265.0,337.5

0,0,346,611,326,432,478.5,379.0

0,0,163,368,284,392,265.5,338.0

0,0,174,326,236,384,250.0,310.0

0,0,353,547,303,444,450.0,373.5

0,0,177,321,231,378,249.0,304.5

0,0,338,523,301,450,430.5,375.5

0,0,175,320,235,379,247.5,307.0

0,0,340,520,305,453,430.0,379.0

0,0,179,323,231,376,251.0,303.5

0,0,340,524,307,447,432.0,377.0

0,0,292,504,130,415,398.0,272.5

0,0,67,300,206,499,183.5,352.5

0,0,308,506,98,401,407.0,249.5

0,0,60,301,160,453,180.5,306.5

0,0,340,506,172,444,423.0,308.0

0,0,148,322,108,427,235.0,267.5

0,0,380,622,211,484,501.0,347.5

0,0,166,390,85,425,278.0,255.0

0,0,359,516,170,429,437.5,299.5

0,0,161,325,139,441,243.0,290.0

0,0,85,257,165,561,171.0,363.0

0,0,304,483,115,609,393.5,362.0

0,0,329,496,90,406,412.5,248.0

0,0,68,269,156,577,168.5,366.5

0,0,85,248,99,465,166.5,282.0

0,0,321,526,89,575,423.5,332.0

0,0,87,248,118,504,167.5,311.0

0,0,324,527,87,572,425.5,329.5

0,0,88,243,95,402,165.5,248.5

0,0,307,577,76,573,442.0,324.5

0,0,388,598,64,388,493.0,226.0

0,0,184,377,75,401,280.5,238.0

0,0,122,304,105,532,213.0,318.5

0,0,337,521,234,498,429.0,366.0

0,0,130,299,198,498,214.5,348.0

0,0,315,521,54,478,418.0,266.0

0,0,134,273,234,498,203.5,366.0

0,0,303,588,67,483,445.5,275.0

0,0,132,297,201,487,214.5,344.0

0,0,320,528,69,487,424.0,278.0

0,0,125,320,54,433,222.5,243.5

0,0,383,536,205,457,459.5,331.0

0,0,210,380,197,451,295.0,324.0

0,0,398,559,135,411,478.5,273.0

0,0,0,244,105,321,122.0,213.0

0,0,313,640,144,392,476.5,268.0

0,0,0,249,106,328,124.5,217.0

0,0,301,639,142,395,470.0,268.5

0,0,1,298,135,325,149.5,230.0

0,0,317,621,154,353,469.0,253.5

0,0,230,534,47,282,382.0,164.5

0,0,117,528,292,554,322.5,423.0

0,0,191,525,38,262,358.0,150.0

0,0,108,521,279,550,314.5,414.5

0,0,377,565,116,615,471.0,365.5

0,0,64,280,176,612,172.0,394.0

0,0,370,549,129,468,459.5,298.5

0,0,77,298,182,636,187.5,409.0

0,0,89,296,174,513,192.5,343.5

0,0,373,570,133,640,471.5,386.5

0,0,387,598,153,612,492.5,382.5

0,0,82,284,180,519,183.0,349.5

0,0,172,496,52,312,334.0,182.0

0,0,98,470,352,602,284.0,477.0

0,0,115,275,200,508,195.0,354.0

0,0,314,560,100,532,437.0,316.0

0,0,318,516,90,517,417.0,303.5

0,0,123,282,125,494,202.5,309.5

0,0,84,416,8,223,250.0,115.5

0,0,164,553,287,566,358.5,426.5

0,0,173,529,276,533,351.0,404.5

0,0,96,427,5,209,261.5,107.0

0,0,151,502,249,526,326.5,387.5

0,0,86,439,3,203,262.5,103.0

0,0,176,295,125,373,235.5,249.0

0,0,333,486,56,395,409.5,225.5

0,0,161,278,93,423,219.5,258.0

0,0,315,442,82,393,378.5,237.5

0,0,336,458,125,382,397.0,253.5

0,0,173,319,80,436,246.0,258.0

0,0,184,299,139,441,241.5,290.0

0,0,365,467,52,402,416.0,227.0

0,0,221,519,101,314,370.0,207.5

0,0,410,638,374,582,524.0,478.0

0,0,234,551,5,207,392.5,106.0

0,0,293,521,264,461,407.0,362.5

0,0,82,266,165,529,174.0,347.0

0,0,312,514,104,601,413.0,352.5

0,0,91,271,155,585,181.0,370.0

0,0,313,487,102,536,400.0,319.0

0,0,314,482,96,474,398.0,285.0

0,0,94,288,170,636,191.0,403.0

0,0,113,277,177,596,195.0,386.5

0,0,314,470,98,510,392.0,304.0

0,0,107,448,5,220,277.5,112.5

0,0,176,554,281,565,365.0,423.0

0,0,342,471,221,485,406.5,353.0

0,0,67,267,137,482,167.0,309.5

0,0,134,269,191,508,201.5,349.5

0,0,292,475,64,521,383.5,292.5

0,0,135,271,189,502,203.0,345.5

0,0,302,474,55,515,388.0,285.0

0,0,131,278,115,486,204.5,300.5

0,0,338,489,93,499,413.5,296.0

0,0,341,491,111,501,416.0,306.0

0,0,127,275,47,484,201.0,265.5

0,0,297,514,150,552,405.5,351.0

0,0,53,257,199,552,155.0,375.5

0,0,68,228,240,573,148.0,406.5

0,0,306,564,56,554,435.0,305.0

0,0,341,501,52,555,421.0,303.5

0,0,66,251,96,571,158.5,333.5

0,0,342,504,102,555,423.0,328.5

0,0,58,270,50,591,164.0,320.5

0,0,367,499,210,485,433.0,347.5

0,0,182,339,262,547,260.5,404.5

0,0,191,350,258,549,270.5,403.5

0,0,376,570,190,488,473.0,339.0

0,0,369,502,206,489,435.5,347.5

0,0,186,345,250,546,265.5,398.0

0,0,350,500,197,492,425.0,344.5

0,0,114,338,243,522,226.0,382.5

0,0,168,333,255,545,250.5,400.0

0,0,351,501,198,494,426.0,346.0

0,0,371,504,193,468,437.5,330.5

0,0,186,344,251,532,265.0,391.5

0,0,370,507,176,457,438.5,316.5

0,0,178,340,229,511,259.0,370.0

0,0,190,640,47,269,415.0,158.0

0,0,1,631,280,584,316.0,432.0

0,0,209,640,53,274,424.5,163.5

0,0,2,631,285,577,316.5,431.0

0,0,68,639,40,256,353.5,148.0

0,0,5,633,290,507,319.0,398.5

0,0,18,631,37,255,324.5,146.0

0,0,16,634,277,512,325.0,394.5

0,0,98,640,31,247,369.0,139.0

0,0,0,628,268,515,314.0,391.5

0,0,299,497,55,465,398.0,260.0

0,0,105,284,84,458,194.5,271.0

0,0,102,287,45,457,194.5,251.0

0,0,315,537,44,462,426.0,253.0

0,0,86,299,311,587,192.5,449.0

0,0,410,586,330,587,498.0,458.5

0,0,172,347,266,567,259.5,416.5

0,0,414,569,273,573,491.5,423.0

0,0,366,528,330,585,447.0,457.5

0,0,68,272,330,593,170.0,461.5

0,0,381,549,332,586,465.0,459.0

0,0,86,281,305,576,183.5,440.5

0,0,172,343,286,583,257.5,434.5

0,0,405,554,279,598,479.5,438.5

0,0,329,451,184,405,390.0,294.5

0,0,139,286,221,417,212.5,319.0

0,0,323,450,192,409,386.5,300.5

0,0,141,280,206,411,210.5,308.5

0,0,391,615,75,312,503.0,193.5

0,0,168,359,105,359,263.5,232.0

0,0,382,570,78,333,476.0,205.5

0,0,126,329,91,350,227.5,220.5

0,0,391,583,90,337,487.0,213.5

0,0,161,339,96,344,250.0,220.0

0,0,370,575,99,346,472.5,222.5

0,0,109,338,98,352,223.5,225.0

0,0,185,395,55,318,290.0,186.5

0,0,183,380,331,530,281.5,430.5

0,0,253,383,331,537,318.0,434.0

0,0,166,387,4,337,276.5,170.5

0,0,254,385,333,540,319.5,436.5

0,0,165,390,22,339,277.5,180.5

0,0,220,390,338,545,305.0,441.5

0,0,169,379,88,332,274.0,210.0

0,0,183,376,100,337,279.5,218.5

0,0,190,384,354,548,287.0,451.0

0,0,184,494,87,288,339.0,187.5

0,0,199,537,300,455,368.0,377.5

0,0,203,534,298,512,368.5,405.0

0,0,179,464,116,285,321.5,200.5

0,0,203,539,297,514,371.0,405.5

0,0,180,466,115,285,323.0,200.0

0,0,4,298,99,628,151.0,363.5

0,0,369,574,233,605,471.5,419.0

0,0,384,592,237,632,488.0,434.5

0,0,3,319,117,640,161.0,378.5

0,0,304,558,202,591,431.0,396.5

0,0,17,276,183,568,146.5,375.5

0,0,377,621,162,585,499.0,373.5

0,0,58,346,174,585,202.0,379.5

0,0,113,640,55,298,376.5,176.5

0,0,7,630,316,561,318.5,438.5

0,0,45,640,53,298,342.5,175.5

0,0,9,640,316,538,324.5,427.0

0,0,20,633,46,296,326.5,171.0

0,0,81,640,316,530,360.5,423.0

0,0,98,301,107,422,199.5,264.5

0,0,323,610,216,604,466.5,410.0

0,0,323,497,179,476,410.0,327.5

0,0,135,320,75,518,227.5,296.5

0,0,320,481,137,479,400.5,308.0

0,0,160,317,117,517,238.5,317.0

0,0,128,282,150,519,205.0,334.5

0,0,287,462,75,481,374.5,278.0

0,0,88,294,55,418,191.0,236.5

0,0,310,539,135,453,424.5,294.0

0,0,310,553,177,493,431.5,335.0

0,0,0,281,106,424,140.5,265.0

0,0,315,558,175,497,436.5,336.0

0,0,0,285,115,430,142.5,272.5

0,0,324,565,176,496,444.5,336.0

0,0,88,300,94,432,194.0,263.0

0,0,338,548,7,565,443.0,286.0

0,0,127,316,245,550,221.5,397.5

0,0,128,296,67,550,212.0,308.5

0,0,330,507,82,572,418.5,327.0

0,0,322,510,211,573,416.0,392.0

0,0,114,310,46,573,212.0,309.5

0,0,329,552,234,593,440.5,413.5

0,0,19,231,203,588,125.0,395.5

0,0,12,232,217,630,122.0,423.5

0,0,346,562,253,600,454.0,426.5

0,0,336,549,214,582,442.5,398.0

0,0,59,260,195,588,159.5,391.5

0,0,41,247,238,601,144.0,419.5

0,0,323,553,228,589,438.0,408.5

0,0,0,393,285,520,196.5,402.5

0,0,200,640,62,289,420.0,175.5

0,0,37,485,311,510,261.0,410.5

0,0,172,638,107,306,405.0,206.5

0,0,43,537,318,498,290.0,408.0

0,0,147,578,113,308,362.5,210.5

0,0,109,473,86,270,291.0,178.0

0,0,0,558,301,552,279.0,426.5

0,0,305,518,38,420,411.5,229.0

0,0,21,244,6,463,132.5,234.5

0,0,315,552,38,449,433.5,243.5

0,0,25,304,23,393,164.5,208.0

0,0,317,554,49,448,435.5,248.5

0,0,27,306,25,395,166.5,210.0

0,0,348,485,161,550,416.5,355.5

0,0,150,327,167,481,238.5,324.0

0,0,151,299,160,473,225.0,316.5

0,0,317,543,150,543,430.0,346.5

0,0,341,495,149,549,418.0,349.0

0,0,148,330,171,485,239.0,328.0

0,0,341,486,153,546,413.5,349.5

0,0,146,319,169,481,232.5,325.0

0,0,338,482,235,532,410.0,383.5

0,0,138,304,56,463,221.0,259.5

0,0,65,483,118,344,274.0,231.0

0,0,93,572,349,573,332.5,461.0

0,0,93,481,72,295,287.0,183.5

0,0,73,474,285,540,273.5,412.5

0,0,76,451,111,345,263.5,228.0

0,0,87,533,369,566,310.0,467.5

0,0,90,473,301,567,281.5,434.0

0,0,103,471,98,335,287.0,216.5

0,0,72,435,138,349,253.5,243.5

0,0,109,566,364,583,337.5,473.5

0,0,65,418,136,367,241.5,251.5

0,0,100,570,362,575,335.0,468.5

0,0,415,548,296,506,481.5,401.0

0,0,196,417,283,590,306.5,436.5

0,0,399,559,294,499,479.0,396.5

0,0,224,391,298,534,307.5,416.0

0,0,120,344,172,529,232.0,350.5

0,0,366,575,225,555,470.5,390.0

0,0,354,521,210,556,437.5,383.0

0,0,123,336,145,532,229.5,338.5

0,0,335,552,193,550,443.5,371.5

0,0,66,293,63,522,179.5,292.5

0,0,330,551,195,550,440.5,372.5

0,0,60,294,64,522,177.0,293.0

0,0,321,557,49,554,439.0,301.5

0,0,107,295,115,516,201.0,315.5

0,0,325,556,190,551,440.5,370.5

0,0,105,312,93,517,208.5,305.0

0,0,334,551,150,516,442.5,333.0

0,0,5,302,180,555,153.5,367.5

0,0,345,640,146,526,492.5,336.0

0,0,100,344,195,544,222.0,369.5

0,0,331,541,148,533,436.0,340.5

0,0,18,308,176,542,163.0,359.0

0,0,340,638,146,527,489.0,336.5

0,0,104,336,187,533,220.0,360.0

0,0,52,207,103,437,129.5,270.0

0,0,300,457,103,598,378.5,350.5

0,0,322,525,249,579,423.5,414.0

0,0,9,261,260,601,135.0,430.5

0,0,111,275,258,637,193.0,447.5

0,0,379,539,265,603,459.0,434.0

0,0,372,528,266,611,450.0,438.5

0,0,109,275,259,640,192.0,449.5

0,0,317,516,247,568,416.5,407.5

0,0,20,261,260,606,140.5,433.0

0,0,94,290,4,398,192.0,201.0

0,0,300,598,0,587,449.0,293.5

0,0,304,521,0,585,412.5,292.5

0,0,101,316,5,407,208.5,206.0

0,0,92,328,2,575,210.0,288.5

0,0,292,526,3,413,409.0,208.0

0,0,345,530,2,361,437.5,181.5

0,0,104,340,2,578,222.0,290.0

0,0,45,345,0,584,195.0,292.0

0,0,351,534,0,344,442.5,172.0

0,0,349,541,0,333,445.0,166.5

0,0,108,347,0,582,227.5,291.0

0,0,115,344,0,581,229.5,290.5

0,0,345,543,1,352,444.0,176.5

0,0,116,329,1,408,222.5,204.5

0,0,302,537,5,484,419.5,244.5

0,0,106,275,2,363,190.5,182.5

0,0,323,604,0,569,463.5,284.5

0,0,105,276,1,360,190.5,180.5

0,0,317,598,0,573,457.5,286.5

0,0,357,586,44,507,471.5,275.5

0,0,0,235,144,639,117.5,391.5

0,0,135,288,305,581,211.5,443.0

0,0,273,465,97,546,369.0,321.5

0,0,340,556,248,527,448.0,387.5

0,0,118,321,248,516,219.5,382.0

0,0,300,489,213,500,394.5,356.5

0,0,62,270,215,495,166.0,355.0

0,0,307,496,233,523,401.5,378.0

0,0,27,255,243,514,141.0,378.5

0,0,50,567,298,530,308.5,414.0

0,0,70,640,1,252,355.0,126.5

0,0,116,437,10,225,276.5,117.5

0,0,82,640,232,515,361.0,373.5

0,0,108,498,12,242,303.0,127.0

0,0,84,640,232,525,362.0,378.5

0,0,112,602,18,245,357.0,131.5

0,0,110,586,251,514,348.0,382.5

0,0,108,541,256,512,324.5,384.0

0,0,84,640,10,249,362.0,129.5

0,0,112,557,294,513,334.5,403.5

0,0,111,640,3,268,375.5,135.5

0,0,0,502,129,359,251.0,244.0

0,0,0,520,386,620,260.0,503.0

0,0,1,420,86,349,210.5,217.5

0,0,5,434,401,639,219.5,520.0

0,0,0,449,418,640,224.5,529.0

0,0,0,507,144,392,253.5,268.0

0,0,0,402,147,379,201.0,263.0

0,0,1,431,425,640,216.0,532.5

0,0,0,436,55,367,218.0,211.0

0,0,6,448,393,640,227.0,516.5

0,0,59,209,100,327,134.0,213.5

0,0,223,497,191,637,360.0,414.0

0,0,272,452,163,467,362.0,315.0

0,0,2,202,73,486,102.0,279.5

0,0,20,181,55,305,100.5,180.0

0,0,239,505,194,637,372.0,415.5

0,0,311,468,287,580,389.5,433.5

0,0,52,224,247,563,138.0,405.0

0,0,313,470,25,353,391.5,189.0

0,0,72,249,228,529,160.5,378.5

0,0,321,481,227,515,401.0,371.0

0,0,85,265,310,622,175.0,466.0

0,0,357,543,123,535,450.0,329.0

0,0,124,350,270,613,237.0,441.5

0,0,335,498,104,393,416.5,248.5

0,0,86,271,149,467,178.5,308.0

0,0,240,345,51,337,292.5,194.0

0,0,407,501,83,320,454.0,201.5

0,0,234,344,45,336,289.0,190.5

0,0,414,505,106,307,459.5,206.5

0,0,234,325,114,283,279.5,198.5

0,0,389,524,48,304,456.5,176.0

0,0,164,332,231,454,248.0,342.5

0,0,336,512,119,412,424.0,265.5

0,0,178,319,104,391,248.5,247.5

0,0,344,509,95,389,426.5,242.0

0,0,76,249,205,502,162.5,353.5

0,0,362,545,149,592,453.5,370.5

0,0,357,514,139,496,435.5,317.5

0,0,94,279,201,622,186.5,411.5

0,0,103,284,196,624,193.5,410.0

0,0,351,515,134,471,433.0,302.5

0,0,376,518,129,375,447.0,252.0

0,0,42,301,192,613,171.5,402.5

0,0,113,299,177,617,206.0,397.0

0,0,370,514,144,493,442.0,318.5

0,0,104,258,132,402,181.0,267.0

0,0,358,577,131,550,467.5,340.5

0,0,362,464,65,271,413.0,168.0

0,0,235,332,86,272,283.5,179.0

0,0,360,462,68,276,411.0,172.0

0,0,235,334,98,281,284.5,189.5

0,0,363,449,16,174,406.0,95.0

0,0,223,305,5,226,264.0,115.5

0,0,90,201,159,361,145.5,260.0

0,0,354,484,78,393,419.0,235.5

0,0,361,464,186,386,412.5,286.0

0,0,77,257,150,414,167.0,282.0

0,0,120,263,165,373,191.5,269.0

0,0,357,509,123,395,433.0,259.0

0,0,350,514,199,404,432.0,301.5

0,0,113,223,180,378,168.0,279.0

0,0,83,298,146,462,190.5,304.0

0,0,352,515,166,494,433.5,330.0

0,0,349,563,189,487,456.0,338.0

0,0,118,329,140,473,223.5,306.5

0,0,363,565,198,501,464.0,349.5

0,0,138,343,157,480,240.5,318.5

0,0,368,518,128,494,443.0,311.0

0,0,129,302,118,468,215.5,293.0

0,0,281,458,80,291,369.5,185.5

0,0,241,424,304,556,332.5,430.0

0,0,289,470,67,309,379.5,188.0

0,0,174,392,311,585,283.0,448.0

0,0,336,556,135,490,446.0,312.5

0,0,161,341,26,441,251.0,233.5

0,0,172,401,101,455,286.5,278.0

0,0,374,593,141,482,483.5,311.5

0,0,57,269,177,551,163.0,364.0

0,0,310,531,182,514,420.5,348.0

0,0,366,546,179,491,456.0,335.0

0,0,93,278,183,547,185.5,365.0

0,0,99,330,181,558,214.5,369.5

0,0,363,557,178,530,460.0,354.0

0,0,96,282,197,559,189.0,378.0

0,0,376,567,184,506,471.5,345.0

0,0,363,533,178,515,448.0,346.5

0,0,91,314,195,558,202.5,376.5

0,0,220,402,56,329,311.0,192.5

0,0,229,425,324,547,327.0,435.5

0,0,304,419,333,529,361.5,431.0

0,0,193,404,28,379,298.5,203.5

0,0,261,408,51,289,334.5,170.0

0,0,214,420,320,559,317.0,439.5

0,0,258,407,52,296,332.5,174.0

0,0,213,419,319,557,316.0,438.0

0,0,260,402,53,262,331.0,157.5

0,0,221,433,272,637,327.0,454.5

0,0,273,474,77,484,373.5,280.5

0,0,9,255,70,470,132.0,270.0

0,0,283,489,98,538,386.0,318.0

0,0,84,276,91,538,180.0,314.5

0,0,269,474,86,495,371.5,290.5

0,0,7,253,79,478,130.0,278.5

0,0,274,604,302,461,439.0,381.5

0,0,20,540,17,300,280.0,158.5

0,0,312,545,246,640,428.5,443.0

0,0,40,292,176,636,166.0,406.0

0,0,140,287,37,409,213.5,223.0

0,0,373,511,62,477,442.0,269.5

0,0,380,512,74,490,446.0,282.0

0,0,134,281,39,411,207.5,225.0

0,0,335,550,52,471,442.5,261.5

0,0,21,244,89,519,132.5,304.0

0,0,386,605,161,623,495.5,392.0

0,0,20,363,7,633,191.5,320.0

0,0,380,599,176,635,489.5,405.5

0,0,22,364,13,635,193.0,324.0

0,0,327,601,180,636,464.0,408.0

0,0,38,331,203,636,184.5,419.5

0,0,356,521,83,409,438.5,246.0

0,0,167,352,69,399,259.5,234.0

0,0,336,485,107,432,410.5,269.5

0,0,159,311,86,423,235.0,254.5

0,0,105,283,112,565,194.0,338.5

0,0,359,521,83,464,440.0,273.5

0,0,361,529,82,431,445.0,256.5

0,0,80,297,121,568,188.5,344.5

0,0,113,272,140,471,192.5,305.5

0,0,356,519,104,565,437.5,334.5

0,0,345,569,72,346,457.0,209.0

0,0,136,307,14,347,221.5,180.5

0,0,317,497,37,328,407.0,182.5

0,0,65,280,49,347,172.5,198.0

0,0,324,498,32,334,411.0,183.0

0,0,78,287,47,346,182.5,196.5

0,0,310,443,252,560,376.5,406.0

0,0,73,280,136,574,176.5,355.0

0,0,309,442,252,560,375.5,406.0

0,0,76,279,135,569,177.5,352.0

0,0,302,439,134,545,370.5,339.5

0,0,141,291,201,559,216.0,380.0

0,0,299,443,191,549,371.0,370.0

0,0,147,294,152,563,220.5,357.5

0,0,360,511,134,402,435.5,268.0

0,0,163,330,136,409,246.5,272.5

0,0,164,336,148,415,250.0,281.5

0,0,368,537,143,428,452.5,285.5

0,0,330,503,152,432,416.5,292.0

0,0,146,316,118,425,231.0,271.5

0,0,353,506,144,426,429.5,285.0

0,0,158,321,151,416,239.5,283.5

0,0,31,558,324,554,294.5,439.0

0,0,204,531,99,272,367.5,185.5

0,0,109,515,109,299,312.0,204.0

0,0,84,533,344,523,308.5,433.5

0,0,164,534,349,513,349.0,431.0

0,0,7,514,41,325,260.5,183.0

0,0,363,499,127,443,431.0,285.0

0,0,13,235,48,512,124.0,280.0

0,0,369,511,60,428,440.0,244.0

0,0,11,208,51,509,109.5,280.0

0,0,17,208,106,497,112.5,301.5

0,0,372,514,31,423,443.0,227.0

0,0,3,206,208,510,104.5,359.0

0,0,375,517,5,441,446.0,223.0

0,0,62,216,251,521,139.0,386.0

0,0,331,545,40,463,438.0,251.5

0,0,327,572,325,434,449.5,379.5

0,0,159,361,282,388,260.0,335.0

0,0,320,561,327,435,440.5,381.0

0,0,156,363,282,387,259.5,334.5

0,0,172,318,234,381,245.0,307.5

0,0,339,542,307,444,440.5,375.5

0,0,360,525,164,439,442.5,301.5

0,0,136,306,146,440,221.0,293.0

0,0,362,520,144,412,441.0,278.0

0,0,173,334,144,434,253.5,289.0

0,0,372,605,177,441,488.5,309.0

0,0,163,376,77,410,269.5,243.5


